,TPM_BALB_notx_rep1,TPM_BALB_notx_rep2,TPM_BALB_KLA_rep1,TPM_BALB_KLA_rep2,TPM_C57_notx_rep1,TPM_C57_notx_rep2,TPM_C57_KLA_rep1,TPM_C57_KLA_rep2,TPM_NOD_notx_rep1,TPM_NOD_notx_rep2,TPM_NOD_KLA_rep1,TPM_NOD_KLA_rep2,TPM_PWK_notx_rep1,TPM_PWK_notx_rep2,TPM_PWK_KLA_rep1,TPM_PWK_KLA_rep2,TPM_SPRET_notx_rep1,TPM_SPRET_notx_rep2,TPM_SPRET_KLA_rep1,TPM_SPRET_KLA_rep2
NM_008562,1538.876,1560.307,2290.213,1905.397,1299.422,1384.546,2286.877,2064.103,940.766,853.463,1358.435,1363.478,1340.114,936.516,1721.811,1088.847,1026.125,1195.196,1048.901,1144.425
NM_031868,904.085,883.441,798.603,751.45,988.059,979.937,815.919,807.554,879.01,947.013,752.629,856.121,820.457,775.548,645.82,683.284,968.654,899.3,803.318,785.516
NM_009883,839.226,704.127,2422.256,1095.544,875.822,807.461,3089.131,1311.099,933.371,1062.234,1640.093,2155.671,1943.439,1905.814,2777.409,2225.203,1202.929,1139.88,2114.293,1325.857
NM_009095,713.226,636.605,637.859,552.45,770.882,740.88,687.273,664.774,650.722,786.621,573.643,649.238,755.892,776.907,571.051,681.607,675.869,669.489,623.957,592.447
NM_011099,742.125,606.619,582.055,476.573,655.109,650.78,563.337,600.999,715.722,761.977,644.404,657.637,588.215,621.451,501.953,537.324,544.551,737.964,476.165,587.398
NM_001164598,377.396,380.531,257.956,234.116,470.532,517.185,303.303,307.639,314.634,310.007,147.534,206.685,420.291,395.351,176.036,202.876,465.843,502.854,185.176,228.555
NM_008416,500.053,448.011,5702.492,3961.175,457.844,454.725,5866.472,3931.464,480.283,574.118,2196.614,2880.601,598.228,417.334,2794.073,2080.909,984.957,773.575,4999.065,4047.822
NM_146035,426.905,371.382,317.494,314.502,449.358,414.774,367.094,319.58,406.882,402.03,301.497,307.289,324.038,309.402,239.406,247.692,423.552,364.423,309.28,282.228
NM_026353,297.244,367.642,249.89,313.599,353.276,391.19,277.997,310.79,363.596,313.834,308.475,257.846,275.551,395.994,204.116,312.546,375.831,339.742,282.204,262.284
NM_010591,442.702,333.782,510.528,1067.037,448.36,291.76,534.645,838.572,348.144,367.112,397.451,411.669,545.241,263.875,796.619,1125.655,197.318,121.884,555.011,650.817
NM_008248,351.693,291.207,318.929,256.222,379.268,356.879,314.937,302.102,298.304,366.833,263.992,294.863,271.104,282.46,198.304,254.686,330.991,279.923,264.051,259.666
NM_170777,348.164,285.701,276.328,266.537,376.967,353.111,290.145,282.895,351.625,387.089,256.038,318.153,353.01,383.03,271.42,321.99,385.698,394.834,299.358,311.578
NM_001009935,382.553,340.767,71.107,43.202,365.165,361.685,52.73,38.771,453.997,460.798,95.369,115.514,86.481,57.366,24.223,19.635,441.669,458.064,129.815,108.675
NM_011803,288.914,418.48,864.252,1284.343,293.502,417.406,733.988,1273.764,331.576,322.258,859.912,781.005,320.956,379.091,816.673,925.628,281.104,341.582,563.301,817.063
NM_023665,352.704,318.863,177.326,147.621,368.506,311.444,154.318,127.493,474.616,505.862,276.735,363.018,345.942,260.802,137.048,110.441,353.153,267.314,240.327,158.971
NM_011408,274.432,260.553,1151.737,830.395,310.937,350.484,1173.337,986.96,649.501,698.482,1012.732,976.431,399.181,609.342,1305.32,1097.366,411.763,399.52,1153.642,974.472
NM_010907,216.598,287.141,5338.574,5624.608,248.8,410.689,5285.827,5623.25,512.56,434.292,2963.494,3090.475,338.363,446.069,5361.495,3755.792,500.292,604.502,4785.915,4911.137
NM_001293559,361.641,356.739,313.66,313.061,308.439,341.095,276.431,279.078,297.172,330.849,270.824,293.79,340.68,303.242,267.685,283.665,347.815,364.363,328.081,324.809
NM_008202,308.424,329.582,252.284,279.56,319.196,304.745,280.499,254.433,400.331,400.203,356.114,332.664,368.117,393.854,298.558,292.158,372.421,303.401,303.735,247.478
NM_011819,40.001,22.108,227.172,129.414,345.43,239.351,1801.522,1165.919,197.144,116.393,953.327,720.132,210.013,217.254,1557.921,1621.16,188.52,128.823,1126.891,847.215
NR_122039,266.612,331.243,87.681,102.996,249.744,315.809,77.179,81.148,176.678,135.971,59.82,61.072,324.333,233.439,68.149,62.618,301.503,456.111,81.419,113.969
NM_009396,226.133,274.067,1080.342,808.03,238.382,308.813,1273.069,790.616,256.763,166.641,849.507,683.383,131.603,160.948,545.837,339.999,208.815,289.979,778.991,650.489
NM_026383,243.765,227.466,174.224,146.178,252.151,264.676,170.591,184.028,170.702,163.607,94.399,118.174,183.022,194.602,119.341,135.297,254.259,233.012,146.959,144.942
NM_023464,276.703,252.621,208.666,168.576,276.389,236.591,206.181,185.981,248.253,341.004,185.921,237.487,268.533,222.239,149.576,157.746,233.252,199.766,192.398,137.01
NM_015811,589.265,427.285,1537.319,1441.339,276.552,231.503,869.364,1300.545,224.162,292.427,577.824,475.838,848.371,592.81,2255.526,2106.675,869.231,421.049,1460.383,1798.47
NR_037970,248.26,254.487,269.592,354.833,251.515,252.961,314,345.35,268.799,262.805,298.593,276.898,228.892,236.067,264.459,341.311,284.041,278.162,306.371,327.171
NM_008873,319.701,196.711,729.125,384.252,251.121,244.066,397.806,365.313,127.245,172.114,193.635,290.007,157.465,136.659,386.27,235.82,367.569,190.906,692.084,275.189
NM_010500,280.121,188.164,516.54,500.625,264.48,198.131,547.584,450.269,247.147,282.66,444.433,489.67,261.444,170.553,354.183,283.482,225.224,166.128,659.877,647.524
NM_011149,261.689,223.03,212.998,189.226,237.313,223.485,199.914,181.13,191.202,214.207,177.758,172.613,219.98,223.844,177.577,186.035,230.282,231.649,195.473,201.894
NM_011756,169.076,186.099,2244.933,3308.721,238.125,207.218,1923.063,3267.352,229.722,224.271,1878.421,2412.643,257.365,175.885,1998.319,1311.544,142.663,102.7,1751.617,2831.951
NM_007523,222.861,231.239,191.47,200.913,224.934,209.867,190.065,180.195,167.015,176.877,151.451,158.231,194.209,203.876,149.896,159.868,218.494,198.494,170.984,155.709
NM_023544,216.613,253.832,143.783,209.368,204.417,228.351,146.394,183.139,185.72,180.156,135.855,140.239,209.14,196.124,151.377,168.998,212.347,234.318,149.187,177.185
NR_125903,190.628,203.08,163.706,169.801,200.877,225.966,167.904,179.426,228.129,243.982,181.517,202.889,241.032,224.073,193.063,204.508,198.424,190.921,164.111,175.144
NM_013642,102.598,150.891,1184.654,3365.567,181.014,245.364,1478.725,3967.168,112.173,126.315,671.407,893.311,156.413,196.659,2078.982,2246.201,52.128,124.563,712.888,1843.863
NM_001025612,249.607,200.353,196.972,181.09,219.259,202.871,180.449,165.339,189.396,205.487,175.995,157.824,196.028,198.766,147.79,169.075,208.178,212.037,176.824,184.249
NM_010828,140.131,149.676,573.551,736.755,191.022,222.044,945.741,1418.713,288.877,246.129,945.332,875.183,166.319,135.791,727.902,777.868,235.768,223.72,639.499,730.189
NM_001291205,174.24,185.547,141.9,157.809,200.712,203.771,157.512,160.194,180.54,181.58,144.527,146.684,197.695,186.189,147.368,152.723,190.532,167.879,136.546,140.288
NM_008972,166.467,158.387,139.558,133.372,215.318,182.398,184.936,161.463,162.098,193.152,127.599,164.915,168.763,120.018,158.725,114.364,178.26,147.751,153.6,136.466
NM_001291127,191.863,181.218,105.372,101.354,211.39,185.302,114.115,102.44,179.43,209.745,124.666,144.148,199.293,171.625,107.867,118.634,208.278,206.705,117.663,107.471
NM_053164,178.139,200.878,120.877,119.7,203.972,192.647,138.859,146.612,179.322,207.649,128.966,146.553,183.836,151.845,108.756,119.202,188.535,159.21,139.482,120.109
NM_011337,142.575,188.031,2246.801,2803.304,146.918,241.054,2193.759,3301.446,1198.083,733.674,6724.963,4402.327,182.347,249.838,3157.544,2216.586,1027.301,455.146,2590.665,2892.817
NM_023260,171.944,172.87,120.424,141.048,205.561,178.318,145.072,117.018,174.585,231.198,157.638,175.964,170.988,155.686,109.363,129.866,207.491,181.71,173.416,156.571
NM_178901,178.251,141.921,70.923,43.361,192.153,189.014,49.326,46.739,79.133,85.97,29.021,45.853,124.684,84.53,41.011,28.185,171.723,182.272,61.903,44.373
NM_026859,177.071,180.274,140.91,149.806,187.731,191.028,139.638,142.184,146.527,149.079,105.771,136.754,164.608,154.804,118.808,127.944,142.602,162.506,114.873,139.864
NM_026318,193.232,196.421,155.592,154.604,207.773,170.634,159.084,184.534,144.837,158.399,138.887,131.159,167.166,170.931,142.432,147.187,182.2,142.69,155.096,127.971
NM_145836,221.876,187.463,109.215,111.788,207.606,169.995,114.05,101.572,224.508,204.366,116.24,151.554,325.123,269.392,143.123,141.303,198.752,183.57,82.621,76.647
NM_010562,162.288,159.692,146.118,139.896,181.566,171.464,156.352,144.827,170.066,157.972,153.955,138.367,187.593,165.586,156.141,138.848,155.011,143.801,127.345,120.248
NM_013693,95.452,130.164,15820.456,15034.181,102.98,235.344,15129.767,16684.623,418.071,259.242,7958.468,6851.245,175.697,317.189,20587.76,16759.336,254.17,239.339,18935.31,16617.223
NM_008535,139.987,91.467,66.177,60.991,178.576,148.783,82.777,87.975,117.65,119.936,59.095,73.039,148.62,83.313,66.567,50.285,131.713,116.99,82.118,67.375
NM_019752,178.655,172.566,143.067,153.578,147.632,161.461,134.502,129.549,191.065,217.115,161.39,171.164,192.375,199.546,156.255,163.859,206.139,176.171,171.543,151.461
NM_001136085,130.053,142.359,118.32,128.553,154.239,154.841,133.642,132.982,144.95,133.493,136.137,134.841,124.388,141.484,112.211,125.644,147.285,148.887,128.444,127.893
NM_013859,159.585,145.869,102.89,95.274,157.625,149.522,99.802,91.777,125.969,125.888,83.046,106.418,135.387,128.965,79.231,93.602,120.55,106.268,70.134,51.691
NM_001290470,148.088,130.513,112.986,112.41,158.107,139.515,136.39,120.614,128.747,137.021,105.363,121.251,121.967,97.478,100.955,88.236,143.892,114.533,124.276,98.718
NM_001164077,112.835,130.386,285.485,287.67,150.532,146.115,270.457,284.901,115.533,122.276,274.246,258.388,147.761,201.335,255.626,297.156,93.283,97.428,218.67,238.713
NM_133940,138.668,121.571,97.001,95.521,142.576,124.491,107.025,106.992,107.458,118.231,81.616,102.639,119.447,118.935,92.406,99.213,116.042,96.194,81.619,70.43
NM_008842,102.68,112.421,826.979,847.077,133.47,130.845,1094.131,1179.722,142.707,114.338,514.58,524.79,272.162,219.981,983.014,801.662,159.02,172.285,1061.617,1151.287
NM_001003949,122.907,109.513,104.024,95.982,138.886,120.446,123.915,102.761,124.022,128.573,101.17,116.547,132.765,124.616,97.698,105.53,113.864,105.876,91.409,84.697
NM_010499,128.772,109.658,398.574,859.874,142.82,116.348,424.328,703.532,115.239,123.076,170.938,227.919,143.106,80.19,364.456,639.414,220.657,189.844,548.25,1018.833
NR_040409,135.498,120.51,25.187,15.448,129.166,128.171,18.726,13.916,160.605,163.021,33.821,40.977,30.57,20.278,8.563,6.985,156.206,162.107,45.911,38.578
NM_134149,136.364,140.238,79.472,93.987,123.781,133.472,83.49,83.539,122.31,115.146,83.682,94.881,113.821,116.361,68.442,90.272,136.497,165.797,90.405,111.328
NM_021513,99.577,121.044,60.284,81.175,125.466,128.736,67.359,77.143,91.934,81.082,57.349,78.709,122.365,102.466,66.089,76.844,98.788,103.999,57.598,64.564
NM_001033448,105.207,111.164,52.614,74.168,118.883,126.4,62.57,75.181,137.065,113.247,77.803,81.706,165.07,145.399,82.544,94.579,163.566,159.467,79.71,97.455
NM_001042565,117.181,144.411,169.367,163.507,107.94,134.941,135.141,194.226,142.54,154.243,200.008,211.922,114.406,130.469,157.283,174.278,137.764,115.427,138.979,146.847
NM_152804,154.717,222.241,944.561,1848.229,95.615,144.148,576.278,1689.324,178.52,134.807,636.819,438.571,260.704,260.552,1531.694,2200.161,71.061,39.706,506.854,604.328
NM_010577,130.612,131.168,263.518,238.1,118.609,119.737,254.125,207.739,111.229,93.961,210.304,188.751,137.846,140.921,238.405,171.927,113.079,117.577,184.299,167.119
NM_001286573,101.517,102.825,73.906,84.193,119.483,107.308,93.703,87.257,101.64,101.025,82.157,92.932,95.391,72.466,78.87,61.372,99.723,97.334,84.32,81.669
NM_001025587,98.908,99.307,54.386,60.04,120.317,106.057,78.636,69.096,101.685,110.59,72.499,73.813,120.779,132.414,70.384,84.509,100.49,87.117,68.633,59.605
NM_001252548,113.83,104.472,75.083,64.027,120.332,104.857,81.812,66.204,93.125,93.822,64.304,66.802,114.815,104.691,74.218,74.903,129.832,137.489,90.102,95.388
NM_020285,99.697,91.866,71.614,67.617,122.095,102.946,84.096,72.737,91.61,110.642,65.121,91.075,80.302,72.337,50.27,45.965,95.889,81.816,67.702,68.323
NM_001162903,109.898,113.193,139.912,136.261,112.344,111.46,203.373,209.72,91.313,119.331,257.312,286.126,106.136,132.1,191.199,217.686,47.011,41.547,76.953,56.908
NM_008654,88.832,101.664,632.168,1693.791,99.402,123.19,778.609,1850.72,73.964,58.992,696.134,429.06,109.78,232.861,2105.917,2805.911,166.561,162.929,1731.683,2896.653
NM_027315,106.086,97.361,92.395,86.317,108.548,109.461,96.181,94.837,100.844,100.483,85.63,87.043,106.407,106.839,83.186,94.796,119.514,109.07,96.142,90.477
NM_001130444,110.185,88.645,78.437,76.556,122.624,94.787,99.13,77.16,90.506,98.245,81.626,91.848,75.35,71.736,52.214,52.848,93.318,60.447,75.959,57.123
NM_010731,114.336,105.828,79.543,74.783,116.733,97.137,94.808,71.325,97.812,100.936,88.403,90.748,119.322,97.399,77.006,70.533,108.308,95.885,77.39,58.959
NM_001251881,107.435,111.667,92.236,96.732,108.387,101.287,91.56,86.781,80.481,85.077,73.237,76.123,93.647,98.151,72.25,77.008,105.481,95.836,82.611,75.152
NM_001277114,107.301,89.397,84.468,72.239,106.941,101.655,86.501,89.781,87.675,111.119,78.796,78.385,103.821,90.027,80.659,79.208,94.906,75.964,85.162,71.571
NM_007498,133.115,132.391,388.026,458.367,110.808,96.63,205.655,414.4,122.692,108.563,257.524,197.302,162.624,135.439,295.935,249.967,137.93,88.761,449.665,467.525
NM_001081000,77.723,76.53,62.165,66.261,107.175,98.236,81.68,79.102,82.315,106.807,71.13,82.196,96.89,87.811,72.309,75.534,95.516,81.298,79.572,69.471
NM_001145859,95.667,91.306,62.545,53.029,108.584,96.323,68.67,50.038,100.587,99.037,52.725,67.023,117.196,110.535,71.503,70.509,90.773,82.19,44.167,46.884
NM_028766,91.132,78.782,72.407,62.097,108.671,95.824,85.778,76.16,85.289,90.22,81.353,76.145,105.35,114.004,84.67,92.261,81.724,65.756,63.602,50.305
NM_028820,101.015,91.621,44.537,51.893,101.049,103.286,41.281,44.705,66.356,63.535,30.452,32.333,116.082,108.78,45.433,56.287,70.728,54.821,24.719,19.086
NM_178619,92.108,119.456,60.678,72.474,94.028,109.464,57.357,60.699,91.488,87.144,51.142,55.579,80.932,80.667,48.373,59.315,101.569,109.467,73.794,75.094
NM_001098836,98.057,102.409,83.959,81.829,99.819,103.125,88.083,82.921,92.487,102.373,84.417,93.947,106.935,98.846,77.917,84.517,101.52,104.723,81.146,74.756
NM_178757,86.871,84.399,50.128,57.381,111.59,85.984,65.909,66.606,78.67,79.376,42.383,63.949,87.249,83.893,53.008,69.419,96.903,84.882,57.293,59.452
NM_144560,89.475,85.995,78.065,80.673,101.43,94.343,91.936,81.738,82.682,88.61,76.081,95.168,89.524,83.829,67.442,76.923,94.635,80.177,79.668,64.661
NM_029571,93.891,93.187,77.459,64.698,103.47,92.078,86.589,70.685,85.42,84.751,78.956,91.434,76.473,85.47,50.131,61.477,80.679,64.566,66.6,50.996
NM_001293766,88.772,95.697,54.09,68.206,93.606,99.501,64.626,68.768,65.969,74.333,48.323,49.753,89.591,90.938,49.255,67.405,77.203,102.457,59.564,69.649
NM_024180,95.279,84.736,75.21,73.362,89.101,103.063,77.389,77.328,89.235,92.568,62.866,70.423,81.387,92.619,66.259,77.472,89.512,90.648,80.33,70.381
NM_023633,69.136,69.864,50.07,44.776,106.615,85.344,62.737,49.352,67.154,81.745,37.984,64.038,84.517,95.61,64.939,56.157,82.788,64.045,66.136,49.956
NM_028005,105.105,112.97,126.807,134.5,102.309,88.433,155.472,112.373,85.918,78.996,77.528,99.347,116.996,97.162,147.298,103.993,101.947,108.038,105.612,110.244
NM_183170,109.861,109.075,86.911,90.281,103.075,87.661,83.123,64.504,94.023,93.599,72.052,99.143,108.964,110.297,82.718,84.796,94.214,87.467,75.369,71.128
NM_028173,92.317,106.671,85.082,90.54,86.682,103.76,81.36,87.959,90.361,89.379,84.917,69.37,80.208,83.932,70.389,70.945,94.781,87.098,78.63,76.306
NM_023172,95.896,80.297,81.331,67.163,97.934,89.744,75.943,77.316,74.991,91.77,64.646,70.326,75.492,76.615,58.595,68.02,88.607,71.593,78.045,64.688
NM_007620,110.181,99.831,83.213,90.793,95.852,90.173,68.434,70.611,95.398,93.003,70.439,67.412,100.768,89.727,80.268,76.889,100.524,108.508,80.516,86.574
NM_026401,88.88,88.741,81.52,73.276,96.683,88.977,83.465,74.494,77.594,83.664,65.324,72.036,87.828,81.308,54.256,65.59,97.11,71.684,77.538,58.373
NM_025536,106.129,92.033,68.684,79.235,95.035,90.167,60.969,56.612,115.124,110.442,76.34,70.687,111.286,95.032,64.321,65.823,114.974,109.226,75.24,68.67
NM_007783,79.092,83.084,63.86,70.017,94.207,90.464,78.143,77.411,82.06,84.071,67.255,66.651,77.126,57.291,60.301,49.603,69.86,80.325,57.859,61.381
NM_022023,74.065,93.504,71.914,80.154,73.634,106.277,68.467,83.687,79.191,79.167,66.62,62.686,58.843,79.14,53.856,64.683,86.031,93.643,82.344,82.613
NM_008655,110.215,109.165,722.56,393.381,88.629,89.385,663.183,344.588,105.635,113.4,375.974,511.09,79.645,56.035,315.731,117.029,62.732,35.931,403.503,185.372
NM_016860,82.04,87.556,68.241,75.214,89.497,88.223,73.621,72.906,81.709,72.818,66.797,65.857,77.035,72.63,60.394,55.757,86.729,79.002,73.851,67.28
NR_034153,79.938,77.371,64.386,56.809,96.932,80.132,65.075,60.995,79.383,66.826,56.466,73.723,87.788,63.202,56.772,43.714,85.567,81.171,57.194,51.781
NM_025889,95.588,85.638,80.691,70.944,90.061,86.788,73.468,72.569,86.731,90.606,64.101,93.632,101.184,90.278,66.742,70.006,94.719,96.087,82.473,79.791
NM_009045,69.115,72.097,112.349,93.728,85.862,89.238,129.132,114.18,66.924,60.945,100.684,96.242,89.247,105.426,122.827,119.688,87.163,86.094,104.224,98.921
NM_011610,78.654,99.135,204.105,151.218,80.512,93.145,217.106,132.757,62.471,45.055,150.121,113.21,85.893,130.724,261.915,207.199,44.026,61.807,82.159,78.424
NM_008494,65.581,48.374,43.074,30.003,95.488,76.32,66.701,54.654,55.749,72.105,23.769,45.177,42.298,21.301,24.455,13.912,60.834,53.503,46.619,35.552
NM_010697,83.234,72.289,59.229,58.786,88.673,82.868,71.71,68.677,73.735,74.026,56.755,67.816,64.737,51.819,46.886,39.811,72.627,64.832,56.345,53.999
NR_002840,59.608,54.039,51.318,34.046,98.31,71.299,73.054,50.548,78.807,103.512,65.344,75.825,80.867,126.531,60.053,84.642,82.175,42.091,62.28,25.573
NM_013652,75.389,63.682,2281.181,3490.753,80.244,88.601,2025.142,4037.123,575.407,454.486,4618.052,3282.595,47.874,35.454,2477.532,2674.076,257.511,138.555,2424.586,4077.343
NM_153161,75.832,90.993,51.932,66.132,86.098,81.5,54.335,58.765,95.363,87.252,70.676,70.169,79.132,74.887,49.555,47.619,79.768,85.071,56.648,60.499
NM_130860,84.471,82.019,62.361,63.192,83.466,83.494,62.987,65.448,71.969,81.061,62.574,66.621,80.943,73.344,54.774,59.626,82.491,85.736,70.767,64.305
NM_001177627,150.208,137.093,398.277,288.12,81.004,83.411,332.339,212.593,189.369,120.828,313.311,235.137,215.304,291.683,491.35,412.492,142.519,161.795,471.788,436.863
NM_001305799,77.307,74.766,30.027,46.723,84.072,79.383,37.704,48.809,69.209,75.345,35.199,46.716,50.599,35.201,26.02,32.231,69.134,68.493,31.46,41.706
NM_001289722,66.234,77.613,52.189,64.026,74.814,88.605,61.05,70.782,68.415,59.955,52.502,53.758,69.472,66.375,53.297,51.166,82.045,87.353,59.623,64.383
NM_001204910,68.336,73.01,113.546,150.012,80.41,81.344,141.155,160.885,130.15,99.807,148.521,118.896,56.523,46.087,188.28,152.045,75.602,80.758,90.176,108.672
NM_011905,38.72,48.327,372.65,173.714,68.039,90.086,587.142,383.638,296.148,276.729,619.439,628.715,258.955,552.329,1229.8,1133.058,336.281,335.803,829.997,659.186
NM_026513,67.577,75.331,50.849,60.732,83.663,73.516,54.978,53.051,90.741,70.884,68.886,68.053,69.122,72.636,45.764,61.072,90.628,76.405,70.704,56.224
NM_019549,100.097,123.061,313.294,312.421,72.203,84.092,258.467,266.099,168.98,122.324,283.241,191.302,105.187,95.902,273.558,191.106,216.107,202.836,360.435,389.348
NM_013854,70.261,67.282,54.73,58.125,82.422,70.741,74.409,61.03,79.212,71.921,71.49,64.366,77.038,74.907,66.141,66.686,78.183,60.061,66.529,50.593
NM_176933,90.709,114.304,428.967,474.261,68.972,84.053,301.611,300.817,87.397,73.636,224.099,181.94,99.381,146.846,241.786,272.536,36.696,39.144,158.911,181.146
NM_023516,121.946,129.059,324.002,416.235,73.68,78.643,203.189,240.411,22.313,34.482,67.369,75.265,107.157,103.339,154.623,173.118,45.333,48.645,158.093,241.962
NM_007569,59.046,79.912,208.783,264.193,67.417,84.73,226.188,266.857,98.519,123.983,216.705,249.666,47.338,48.902,106.575,124.915,58.948,112.752,297.024,440.432
NM_144948,80.888,70.621,151.278,128.775,75.725,76.158,116.107,115.032,75.353,79.248,104.708,108.622,70.244,80.292,124.023,115.813,79.211,65.987,113.428,101.213
NM_176785,71.79,73.52,45.327,51.646,79.766,71.037,51.741,45.964,48.271,63.905,27.245,44.458,73.541,59.549,50.75,50.493,67.789,65.579,42.328,33.883
NM_211358,67.751,80.863,45.525,62.185,73.013,76.719,47.389,54.358,53.769,52.199,39.558,39.092,53.276,56.995,32.039,37.193,69.895,79.563,45.003,53.674
NM_011467,72.888,60.825,61.726,58.954,81.654,67.439,66.134,59.381,75.778,82.507,56.589,67.281,72.283,75.914,49.717,69.626,69.398,57.396,49.273,52.882
NM_010192,62.825,67.954,46.565,53.531,76.246,71.48,53.64,47.958,63.696,56.256,49.101,50.399,65.817,60.529,44.395,43.728,66.951,56.798,46.078,38.258
NM_033477,71.326,79.567,44.927,42.009,75.346,72.273,48.11,42.912,59.732,55.557,46.126,64.474,86.466,68.235,46.478,41.357,57.584,61.225,39.815,36.981
NM_010489,78.628,76.406,54.57,59.983,72.964,73.963,56.533,56.306,65.911,57.169,40.289,37.121,66.656,60.771,44.967,49.381,81.315,61.743,61.267,42.294
NM_001085498,75.605,65.82,49.188,47.97,77.304,69.316,58.818,51.755,51.751,59.466,44.022,45.35,62.553,55.899,41.64,38.904,68.497,54.262,54.51,44.099
NM_019913,64.434,76.27,52.744,64.659,69.927,76.014,58.366,61.981,63.052,58.108,52.747,55.913,54.838,68.6,41.029,53.626,76.104,72.811,61.609,64.371
NM_001253920,78.365,83.791,57.529,66.211,70.643,74.05,58.808,51.346,71.579,56.429,50.469,60.195,70.389,73.075,49.074,56.846,72.224,70.959,54.261,50.71
NM_144913,54.11,55.506,39.954,31.37,77.208,63.747,53.226,49.727,61.971,62.777,53.469,62.302,62.507,62.575,48.646,54.012,55.957,59.614,36.514,35.268
NM_199145,64.04,63.712,35.562,52.376,72.17,68.144,35.443,34.835,54.392,48.54,26.583,26.905,43.532,53.338,28.835,34.484,46.958,39.747,42.113,35.364
NM_153056,64.983,62.892,48.751,45.744,71.582,65.807,51.929,47.279,55.973,52.179,41.938,51.805,63.405,45.041,43.78,35.017,58.632,52.688,44.773,37.785
NM_027910,65.293,70.652,52.721,58.951,69.289,67.993,59.437,53.424,78.568,68.787,63.968,72.126,68.843,65.3,55.955,55.281,77.484,83.378,61.564,68.796
NM_172736,63.087,69.057,46.001,44.589,70.535,65.902,45.268,46.925,54.937,50.382,42.66,53.313,67.214,68.352,51.477,46.418,50.824,40.864,40.583,37.8
NM_011113,76.873,73.158,150.074,135.159,71.785,63.683,170.406,142.792,35.44,27.542,72.123,63.025,74.157,58.5,135.303,105.83,55.345,42.334,76.78,63.394
NM_026909,66.425,55.677,46.278,37.225,69.347,61.416,50.578,38.455,55.756,79.026,47.442,53.078,70.334,54.521,40.089,41.942,60.03,48.515,39.245,35.615
NM_025440,62.309,56.498,55.991,43.71,69.476,59.394,50.85,44.543,55.977,83.128,44.543,56.367,53.562,47.469,35.796,42.394,56.347,48.021,44.783,41.877
NM_176843,51.822,48.373,34.084,34.365,69.282,59.193,44.715,37.126,50.552,57.118,36.089,40.403,47.018,44.952,29.539,30.838,44.778,51.785,33.357,30.326
NR_073420,59.108,59.858,52.235,45.398,61.446,66.249,46.979,46.68,56.478,75.545,43.916,55.245,54.164,56.648,41.219,38.84,58.614,54.623,47.17,43.551
NM_133662,30.904,37.521,209.159,171.624,56.93,69.024,382.96,366.024,94.873,63.754,445.103,618.745,71.108,141.106,253.554,408.755,25.416,27.012,190.654,257.502
NM_175682,51.426,58.212,29.56,27.115,63.237,61.712,29.258,33.389,41.47,49.132,41.009,25.198,51.553,58.952,25.798,30.157,42.465,42.665,24.421,21.036
NM_018771,81.995,75.451,59.72,62.302,68.915,55.472,55.377,47.059,71.346,72.709,49.595,62.26,62.789,53.614,48.183,42.93,77.994,68.546,62.673,56.648
NM_001160330,62.876,65.443,39.381,36.606,65.566,58.379,44.045,43.591,64.354,63.253,40.815,72.226,51.297,51.059,33.432,32.497,56.927,57.011,41.936,34.13
NM_153566,55.145,53.828,71.422,69.939,57.996,64.451,79.546,74.463,55.899,58.126,89.948,81.961,59.257,62.316,57.378,79.422,57.962,54.879,74.851,62.447
NM_001033225,52.01,74.547,234.23,235.767,57.462,61.309,310.601,363.043,72.457,62.325,201.092,213.226,171.165,225.035,623.154,664.767,100.585,88.426,569.307,520.57
NM_145822,54.747,46.478,32.651,35.567,63.615,48.995,39.863,38.503,52.425,59.059,39.499,44.146,55.549,42.774,30.151,33.414,54.697,51.591,46.34,42.8
NM_027259,63.216,48.199,46.229,46.122,56.822,55.137,45.063,38.534,53.189,62.732,55.921,54.752,64.086,56.316,38.046,41.604,79.857,52.136,54.08,42.552
NM_001024699,52.795,46.355,27.76,31.188,59.474,51.602,33.344,29.683,40.743,42.022,21.255,25.891,51.559,46.413,31.233,27.018,41.922,41.648,20.525,20.054
NM_025575,41.507,49.516,34.184,37.766,53.254,56.355,44.285,38.053,55.511,60.379,43.491,46.106,60.134,50.6,37.233,44.271,63.097,69.191,47.553,53.206
NM_026698,55.368,57.403,32.176,39.146,56.407,52.975,35.648,35.403,43.312,48.016,31.552,42.915,48.51,44.245,23.302,23.351,49.348,43.501,28.211,32.341
NM_018742,54.756,56.009,28.399,32.569,54.09,55.253,28.207,23.658,41.095,46.441,24.082,29.298,55.188,51.769,29.15,34.804,31.833,39.98,19.232,20.032
NM_010119,39.38,37.858,204.401,140.597,50.236,58.373,265.136,200.814,132.746,136.72,217.079,228.062,49.893,111.356,163.437,157.758,111.389,119.741,300.928,296.532
NM_027418,40.48,41.784,75.01,66.928,49.227,54.141,79.4,76.916,39.788,36.549,54.861,49.39,34.837,44.82,61.472,50.833,36.637,30.21,36.992,29.749
NM_029092,51.48,44.643,35.747,34.213,56.047,47.303,37.276,34.859,43.236,45.068,31.176,35.072,51.118,51.551,22.707,27.551,44.5,31.417,38.445,25.785
NM_201646,45.219,50.013,30.723,35.339,50.172,50.354,32.763,37.678,34.565,42.212,22.788,23.523,42.714,38.609,28.982,30.984,47.964,35.955,31.814,37.405
NM_026246,63.54,54.538,38.066,35.434,53.536,46.846,33.178,27.236,53.166,56.328,37.971,40.316,39.656,43.386,26.346,29.707,65.22,49.531,47.089,37.902
NM_009551,57.984,50.405,87.222,107.052,48.091,52.013,73.433,104.475,50.78,52.964,92.661,96.651,66.308,77.211,90.244,120.578,77.286,62.508,80.942,75.95
NM_175399,44.881,45.177,29.846,25.814,48.238,49.054,31.122,29.851,38.491,48.959,33.099,39.536,39.944,39.227,22.094,27.866,52.25,44.745,37.046,31.754
NM_001288586,38.981,41.515,90.842,95.541,46.543,49.462,106.471,109.599,73.34,67.068,126.568,121.624,60.506,78.108,108.305,123.366,41.962,38.183,69.993,68.701
NM_024467,42.572,43.642,16.574,21.504,49.969,45.601,20.546,20.806,30.383,28.592,17.184,23.905,44.435,47.846,23.49,27.013,30.911,38.462,9.92,9.248
NR_003270,39.003,39.475,26.294,20.616,51.266,43.317,26.637,34.834,42.964,49.55,24.719,41.009,35.108,45.978,25.854,39.787,39.571,30.057,19.01,21.076
NM_007978,45.943,47.525,26.749,31.787,45.947,46.925,24.478,29.44,28.058,42.118,18.377,36.585,41.35,41.935,25.169,29.59,32.285,34.837,21.216,22.688
NM_007837,25.211,24.433,13.221,11.732,41.384,51.293,22.059,21.908,50.588,44.424,28.258,28.491,35.562,46.556,13.526,21.125,28.372,29.143,12.362,20.28
NM_009378,32.452,34.052,8.982,14.847,54.336,38.261,12.648,21.122,20.262,27.397,25.907,30.945,15.903,10.554,16.745,9.185,33.629,40.74,14.207,20.769
NM_001311137,50.191,47.89,33.955,31.024,46.605,43.289,28.535,27.294,41.417,39.474,33.781,31.96,52.682,55.252,34.033,31.955,29.607,35.363,23.09,23.154
NM_001100460,48.144,50.562,26.12,31.125,44.268,40.518,21.529,21.881,30.843,25.682,12.631,12.676,28.657,21.847,14.487,16.104,31.701,27.715,17.978,15.146
NM_001305278,57.588,60.607,20.215,21.848,44.194,39.263,13.914,10.897,19.885,21.923,6.061,10.103,41.086,18.934,13.399,5.198,51.02,66.271,21.254,20.543
NM_025671,45.195,48.062,29.196,28.948,42.628,40.604,23.696,24.649,33.165,36.271,17.645,28,42.438,43.187,24.585,33.417,30.423,40.721,21.648,22.112
NM_009140,19.914,32.488,7788.868,6326.84,21.067,61.542,6340.315,7970.148,99.395,52.148,5502.484,4744.811,137.104,412.896,8366.839,7533.504,215.125,215.271,8350.87,7432.38
NM_019988,34.081,38.196,19.49,20.143,42.193,40.161,20.654,18.516,29.973,36.844,25.258,21.385,36.293,38.666,18.839,21.352,33.214,33.397,20.033,19.235
NM_019937,39.368,44.577,88.291,97.238,38.542,43.251,76.406,113.769,33.797,38.327,59.118,65.097,53.276,73.942,121.553,139.042,46.492,39.206,98.406,88.79
NM_133986,43.239,56.302,27.766,32.01,34.164,46.194,16.82,18.696,29.917,26.175,13.149,12.964,41.021,37.697,22.696,23.595,40.371,52.96,31.523,30.75
NM_174989,41.526,46.636,70.81,82.098,38.558,41.535,61.403,67.908,36.179,30.341,45.643,40.239,43.6,40.098,51.592,41.463,36.667,36.518,35.162,42.682
NM_013562,45.485,34.998,232.793,237.517,37.202,41.735,136.196,189.689,37.067,34.192,100.747,88.637,65.71,106.315,219.857,292.4,56.195,37.206,172.272,168.142
NM_001166402,25.284,47.678,1082.589,1608.416,21.648,57.289,1284.039,1867.908,77.927,53.926,788.882,660.81,77.576,120.631,1654.674,1456.638,63.774,85.617,1422.314,1912.027
NM_029219,35.879,37.237,139.364,125.744,37.178,40.785,152.828,123.998,42.716,37.704,81.514,77.215,71.872,69.692,123.559,91.733,53.731,43.091,106.98,87.19
NM_009404,19.51,12.966,1988.006,1019.164,39.476,37.032,3177.47,2031.294,58.308,44.827,1381.297,1188.049,50.28,37.388,5158.566,2165.416,22.971,21.164,2987.299,2725.428
NM_001039090,30.366,38.164,102.034,93.013,33.009,41.315,102.902,101.264,35.088,41.974,91.405,92.074,30.784,43.328,110.709,90.336,14.131,23.718,36.347,51.409
NM_001306222,36.899,29.471,85.889,66.007,37.502,35.407,98.941,80.36,34.027,30.519,77.703,70.572,54.08,73.396,100.742,102.152,58.483,39.6,93.222,78.155
NM_019713,30.658,30.789,10.393,7.182,37.195,35.09,16.774,10.747,46.691,45.606,22.401,25.364,30.589,25.774,11.298,8.252,38.97,36.769,18.982,14.659
NM_001081320,35.088,40.302,16.447,14.855,32.151,37.558,16.898,15.507,19.473,20.114,10.698,7.573,34.338,32.308,15.755,17.051,32.873,40.07,18.936,18.036
NM_010493,32.329,40.015,575.933,183.074,32.371,37.114,676.203,206.08,122.322,99.925,344.912,333.058,45.833,82.607,298.031,126.234,151.936,131.191,781.259,511.252
NR_136903,31.784,25.494,67.477,49.086,33.628,35.302,86.379,84.697,41.764,37.068,62.417,66.564,41.964,33.71,91.994,64.471,15.146,26.634,50.576,63.167
NM_172939,39.117,56.248,212.223,267.518,31.95,35.663,182.138,192.736,38.856,33.531,113.671,93.139,50.025,60.506,194.42,144.235,36.388,50.583,76.545,114.664
NM_019466,40.596,33.55,81.503,104.381,36.883,28.149,74.023,86.229,32.52,33.722,69.315,52.878,33.115,30.952,108.882,68.116,60.987,32.416,86.174,73.995
NM_181318,36.175,32.748,320.37,289.075,29.65,30.52,303.119,302.712,49.326,40.786,174.687,152.658,31.63,27.702,267.147,218.148,16.57,9.488,245.869,239.603
NM_153134,27.371,36.445,50.975,57.116,29.687,28.688,61.475,57.922,17.737,15.443,24.522,22.902,33.756,33.816,59.831,50.97,24.414,28.017,36.879,39.511
NM_008390,25.773,22.817,512.329,229.69,30.722,25.661,460.572,214.088,55.262,49.578,324.551,304.209,29.966,34.606,353.4,182.818,23.802,15.04,549.51,337.606
NM_001163818,22.917,23.914,39.767,49.754,29.409,26.616,49.382,48.724,25.051,21.342,47.95,31.555,32.657,39.855,82.551,76.392,28.422,29.451,41.849,34.782
NM_026010,27.258,19.667,8.945,13.287,27.793,27.04,11.312,10.9,23.182,38.934,14.555,13.522,20.602,17.393,6.211,8.552,34.603,26.337,18.288,13.984
NR_027059,33.816,29.681,11.091,10.568,23.073,30.813,13.62,10.978,22.697,34.475,6.65,9.562,24.173,27.694,8.81,6.512,29.513,19.674,12.982,6.915
NM_011057,49.678,38.614,119.159,66.245,26.77,26.462,72.253,43.927,20.759,18.668,31.726,36.622,22.682,20.973,50.092,32.074,14.874,6.947,35.53,11.503
NM_172142,21.616,19.346,198.189,112.626,25.723,26.783,175.926,106.224,25.918,20.639,74.318,76.325,31.563,30.626,166.86,100.559,23.39,26.835,233.781,229.45
NM_001302377,54.759,83.196,2615.203,2835.817,24.782,27.636,901.345,1195.457,50.57,39.149,1274.11,837.214,284.08,417.011,4852.143,3912.021,125.582,132.037,1452.016,1682.859
NM_011897,24.758,22.701,29.901,48.016,24.517,27.605,24.781,53.119,20.518,21.21,24.706,30.495,27.405,36.796,51.887,57.563,39.096,24.099,70.19,47.658
NM_145827,12.843,18.375,158.305,113.511,20.82,30.014,206.706,189.397,37.972,29.434,220.998,193.653,28.166,30.388,148.762,116.76,13.347,17.026,163.693,165.473
NM_130796,21.749,20.847,40.36,29.412,24.506,24.231,58.413,39.829,25.846,25.258,60.082,54.916,31.483,30.232,53.776,35.973,19.358,25.174,56.156,61.942
NM_001293805,25.213,32.754,151.829,159.923,19.973,24.128,158.053,167.444,66.803,48.706,173.557,147.45,30.261,42.927,155.145,138.882,26.635,29.852,120.528,133.989
NM_019738,14.096,10.372,48.103,31.621,19.315,23.582,66.87,62.235,32.018,28.955,115.822,85.48,24.546,21.916,70.283,48.467,9.573,6.902,37.115,42.679
NM_144802,22.834,19.45,39.62,40.329,20.639,20.161,34.435,32.767,13.326,11.969,15.716,14.133,22.094,18.06,35.173,19.61,23.689,18.984,28.566,23.265
NM_007570,19.139,18.061,149.227,226.087,20.246,18.675,146.194,204.563,57.137,49.571,102.131,137.783,29.34,17.291,117.102,153.939,31.966,31.14,140.123,252.625
NM_001013365,24.007,22.593,66.732,58.845,17.77,20.864,47.283,58.142,7.749,6.356,39.167,37.669,21.89,27.134,58.325,39.792,5.29,6.261,11.001,16.219
NM_007635,15.622,13.116,37.069,31.25,19.519,18.098,44.383,46.213,14.709,15.049,27.666,25.463,19.197,15.241,44.693,36.335,18.642,22.234,25.048,30.149
NM_001014390,17.313,18.386,42.726,35.118,18.32,18.792,52.958,40.175,15.766,17.399,43.088,41.134,29.697,29.589,52.814,37.216,15.623,13.461,28.682,18.141
NM_001347458,37.514,50.283,598.989,656.634,14.778,20.629,474.027,403.323,10.934,16.882,130.885,173.71,57.325,35.01,195.565,118.326,126.081,89.152,511.605,604.493
NM_010090,18.038,14.666,231.589,142.901,17.753,17.553,251.691,109.862,20.374,14.179,182.887,257.853,27.277,16.508,79.01,28.367,8.67,9.539,318.87,202.328
NM_001199276,14.661,16.172,39.942,28.748,15.938,18.94,48.274,32.695,31.272,25.499,53.13,48.061,33.148,36.981,60.557,45.049,27.299,29.02,51.418,43.68
NM_008037,16.88,15.723,27.769,31.131,17.529,17.016,29.944,29.912,16.214,16.401,36.054,37.159,18.681,14.143,54.329,40.974,18.879,19.242,34.24,36.509
NM_009344,9.603,8.009,128.597,206.056,16.743,17.565,188.673,331.512,23.76,27.886,141.61,146.705,103.738,68.922,647,631.809,19.861,17.382,149.489,210.633
NM_020006,17.268,15.717,50.343,23.002,17.298,14.863,59.314,28.301,14.308,13.491,37.136,51.126,13.073,6.66,28.396,8.988,11.207,11.383,51.459,42.233
NM_001284410,11.112,11.307,75.09,31.869,17.913,12.549,89.759,46.104,17.104,12.216,41.729,35.021,10.104,7.939,66.955,27.476,11.03,10.893,48.812,30.015
NM_001037917,15.135,15.231,145.207,165.351,11.491,18.665,121.072,210.932,40.832,44.25,251.897,197.905,47.41,46.017,267.391,238.646,5.275,5.848,33.911,66.443
NM_001290558,17.018,15.436,51.921,62.047,15.223,13.805,49.865,50.027,18.584,18.605,66.725,61.04,23.304,22.512,148.839,120.929,28.297,21.266,94.707,79.398
NR_035430,10.107,11.558,120.827,123.678,12.326,15.579,115.17,124.942,19.244,18.998,67.674,68.055,12.042,15.098,115.794,84.651,16.757,18.884,105.083,110.347
NM_019925,7.524,8.012,31.135,14.933,10.471,16.472,46.158,25.197,6.274,6.265,12.109,20.367,22.511,23.515,26.162,19.675,5.701,13.43,7.507,15.797
NR_126558,11.235,13.047,79.664,43.937,10.838,14.056,98.976,68.922,11.846,14.898,52.583,49.059,15.34,15.528,37.986,27.425,16.041,15.971,40.248,34.949
NM_001081343,11.624,15.095,32.594,30.504,10.281,13.606,27.515,26.407,10.607,10.215,20.666,17.546,16.763,23.207,33.488,33.777,9.383,11.056,16.582,17.537
NR_030699,11.481,12.465,15.605,60.404,11.32,12.016,17.561,37.416,8.354,9.967,17.135,15.358,14.335,11.472,20.221,18.124,10.751,10.355,13.886,21.047
NM_145950,9.408,11.895,27.769,28.097,8.343,14.901,27.008,37.102,15.364,14.747,35.703,28.793,11.06,16.261,21.218,26.11,7.364,7.007,10.296,15.13
NM_009856,28.779,23.565,373.579,143.117,10.517,11.98,238.931,109.948,12.31,13.878,67.261,82.975,25.218,20.186,128.587,35.536,28.164,36.351,254.154,220.937
NM_172503,11.245,10.945,38.518,33.569,10.286,11.662,47.526,40.041,11.228,11.82,35.465,33.358,19.264,22.947,49.331,34.74,11.534,9.521,22.609,17.194
NM_023233,9.422,11.125,62.864,38.338,9.899,11.854,49.368,35.528,9.792,8.381,59.314,42.465,13.999,18.812,59.806,36.089,8.256,6.836,10.44,11.72
NM_008965,9.631,10.472,25.231,29.018,9.658,10.886,33.426,39.299,19.548,17.491,27.559,30.505,23.206,17.014,81.39,49.823,15.895,8.884,16.396,15.982
NM_028810,4.861,5.227,19.088,40.175,7.86,11.821,20.366,43.76,21.488,24.222,64.142,57.666,4.842,3.935,68.395,69.117,0.76,0.844,16.365,20.414
NM_153287,14.34,11.924,256.802,456.992,9.412,9.945,211.173,382.851,5.379,5.439,79.758,65.36,23.014,18.785,375.018,355.826,9.027,7.349,273.178,370.328
NM_001159394,4.245,8.794,815.284,711.119,5.2,13.306,947.344,957.702,79.406,65.27,724.27,616.835,11.115,39.46,804.619,752.887,8.021,21.551,935.666,1220.071
NM_001290457,4.591,7.567,29.374,24.151,6.281,10.811,36.549,29.56,15.69,12.257,25.51,29.866,17.404,24.825,33.145,30.611,18.254,20.087,33.491,30.355
NM_021274,8.095,2.629,241.11,405.243,10.969,6.006,937.793,1285.895,396.811,298.853,2582.31,1399.44,1.854,1.902,897.934,991.3,1.323,0.738,235.267,319.201
NM_009834,5.97,5.065,57.881,47.389,7.735,8.231,67.287,60.77,9.261,10.679,45.171,53.316,4.971,4.064,64.419,25.779,5.924,4.239,57.559,49.329
NM_133753,5.868,5.447,65.383,72.571,7.31,7.77,93.171,127.539,5.462,3.693,17.197,17.031,6.733,8.052,21.518,23.734,3.951,4.182,31.288,45.005
NM_001017426,8.273,11.355,100.28,77.073,5.842,8.937,109.703,81.151,3.885,5.335,55.67,52.278,18.467,18.243,83.339,68.767,20.632,28.302,92.799,76.813
NR_033508,4.505,4.122,127.324,69.963,6.348,7.906,211.933,136.961,7.674,5.38,85.094,78.735,4.746,4.014,379.258,139.884,3.405,3.994,190.209,172.859
NM_001081212,8.039,7.329,39.057,42.658,7.478,6.565,35.02,33.378,2.743,1.953,6.505,4.391,7.143,6.047,10.322,9.929,2.101,2.145,2.09,1.861
NM_007913,4.221,6.626,324.219,1781.416,6.282,7.553,315.984,1229.049,2.192,2.397,57.471,75.424,3.524,3.742,125.082,1031.158,27.113,35.744,495.116,1933.582
NM_001304832,4.028,4.71,77.924,65.84,4.766,4.582,89.334,68.214,2.694,3.367,50.971,54.927,12.476,23.41,104.414,103.268,5.941,4.081,52.547,43.647
NM_026772,1.933,8.228,63.306,37.94,1.038,7.579,51.123,39.171,12.637,7.426,52.06,46.43,6.561,17.619,48.11,28.619,12.109,16.744,44.207,34.051
NM_001177981,1.954,3.328,76.847,59.55,2.65,5.412,95.539,78.058,9.512,6.964,79.329,67.408,4.871,7.371,58.27,36.54,7.728,14.124,85.252,115.002
NM_001085390,1.716,1.183,21.712,14.728,3.798,4.047,34.236,30.522,0.456,1.871,12.735,23.689,8.168,8.636,28.174,24.46,1.106,1.21,36.645,29.802
NM_001326601,3.46,4.017,30.989,16.147,2.795,4.162,34.519,27.594,16.072,10.397,48.996,40.613,16.151,25.044,77.536,60.803,6.255,7.045,61.801,43.147
NM_001162921,1.947,3.035,25.249,16.428,2.074,4.03,35.102,33.665,15.273,10.726,49.755,40.703,6.877,30.509,50.812,59.492,4.222,4.228,29.176,19.566
NM_013822,2.452,2.547,18.087,9.553,2.675,2.606,24.409,12.421,6.052,3.63,18.397,14.167,8.676,11.356,44.492,30.667,5.17,2.413,30.321,13.336
NM_007548,2.145,2.906,44.419,27.029,2.218,2.968,42.835,30.084,2.285,2.43,34.034,27.916,3.933,3.482,32.286,14.378,1.411,1.038,25.535,13.714
NM_013653,3.969,3.37,61.841,115.524,1.71,2.648,71.942,123.822,24.272,18.329,96.772,44.161,0.587,0.753,66.478,74.205,0.145,0,9.412,23.579
NM_001289927,0.248,1.35,10.827,27.571,0.626,2.471,15.467,36.332,0.284,0,1.999,6.632,4.763,1.53,10.368,11.136,7.128,13.175,11.12,55.424
NM_001145034,3.472,1.834,209.829,163.549,1.168,1.497,63.345,63.566,2.123,1.161,45.721,19.814,2.695,1.843,98.529,64.276,2.662,3.216,105.519,86.853
NM_008871,2.524,1.813,114.628,62.147,1.4,0.538,49.878,22.742,1.145,1.53,23.144,15.432,2.325,2.297,125.45,46.391,1.382,1.58,51.621,43.525
NM_010276,3.709,1.963,89.536,86.876,0.59,0.671,32.54,26.525,1.298,0.284,20.545,16.057,11.803,10.325,146.575,113.679,2.8,0.944,31.308,24.808
NM_011198,0.837,0.216,190.424,135.326,0.322,0.51,109.48,113.93,9.014,4.747,578.145,321.338,0.551,1.739,70.991,33.832,0.837,0.253,121.563,85.466
NM_010510,0,0.769,22.2,184.808,0.245,0.418,40.758,331.996,0,0,432.012,68.555,0,0.309,265.606,316.49,0,0,9,51.17
NM_001310664,0.234,0.093,6.584,11.059,0.314,0.167,25.516,35.034,10.915,8.248,70.346,38.125,0.055,0.063,24.631,27.091,0.036,0.02,6.406,8.703
NM_153564,0.282,0.14,11.474,21.661,0.237,0.228,7.42,10.528,6.09,4.951,28.801,14.146,0.192,1.048,36.259,34.243,0.459,0.245,24.222,20.439
NR_132106,0,0,92.323,72.783,0,0.29,88.488,102.906,1.85,0.674,27.64,32.368,1.722,4.924,151.549,114.633,0.206,0.187,59.094,55.18
NM_010104,0.367,0.636,6.115,8.922,0,0.049,2.406,7.053,0.841,0.92,26.979,14.224,0.587,1.642,34.85,29.351,0.281,0.318,21.093,21.903
NM_001201367,0.436,0.864,32.977,14.626,0,0,51.279,17.417,0,2.188,4.396,10.502,0.508,0,20.305,6.769,10.201,2.727,70.78,34.887
