REGISTRY,YEAR,SEX,TOTAL,P0_4,P5_9,P10_14,P15_19,P20_24,P25_29,P30_34,P35_39,P40_44,P45_49,P50_54,P55_59,P60_64,P65_69,P70_74,P75_79,P80_84,P85+
 3600200,1983,1,2787491,217385,221728,246545,229505,246090,230758,227631,214028,168169,146215,143523,141406,119686,93979,69625,41020,20138,10060
 3600200,1984,1,2814441,219253,217144,247207,228831,246572,233485,227464,220541,175138,149980,140792,142397,125161,93433,72570,42896,21209,10368
 3600200,1985,1,2848802,221407,215338,246138,231158,245799,239454,226369,228160,181836,155172,138855,142793,128440,94908,74939,45074,21937,11025
 3600200,1986,1,2886606,222727,216618,239473,238099,242272,244626,228749,233375,190699,159254,138999,142498,130792,99266,76719,47508,23153,11779
 3600200,1987,1,2929320,224175,219591,231934,246990,238573,250045,234109,230486,206687,163273,142058,140848,131749,103825,78398,49530,24621,12428
 3600200,1988,1,2978746,226923,224116,227691,253272,239431,256026,239388,231811,216992,168030,144865,138754,133781,108579,78774,51552,25822,12939
 3600200,1989,1,3014828,228797,226713,224392,255094,237955,258617,244116,233393,223545,175463,148466,136340,134898,113340,78942,54037,27015,13705
 3600200,1990,1,3046950,230274,228723,222751,253876,240147,257116,249984,234533,229526,182378,153246,134364,135236,115772,80633,55951,28228,14212
 3600200,1991,1,3080898,232504,229547,224564,247033,247021,252664,256150,236571,233572,190357,157350,133881,134607,117961,84535,57765,29655,15161
 3600200,1992,1,3112021,234555,230320,225859,239534,254716,247884,260879,239950,232857,202238,161184,135852,132520,119181,88179,59141,31006,16166
 3600200,1993,1,3135081,236974,230479,228373,232272,256609,242605,262333,244162,231345,213637,163494,139161,130579,120724,92206,59850,33128,17150
 3600200,1994,1,3162081,237481,231007,230411,228571,257179,239878,264225,246994,233073,219982,170279,142326,129013,121460,96693,60133,35159,18217
 3600200,1995,1,3195882,237144,233180,232388,227190,255692,242288,262523,252785,235095,225856,177610,146621,128167,121932,99065,62157,36695,19494
 3600200,1996,1,3233997,236564,235913,234057,229145,248909,248932,259188,258991,238619,231761,185111,150578,128036,122707,101024,65782,37980,20700
 3600200,1997,1,3267679,235897,237870,234284,232331,243125,254680,254000,263210,243729,229417,198914,154410,130239,122358,102312,69706,39021,22176
 3600200,1998,1,3299226,235378,241035,235577,231222,235409,256973,249447,267051,246451,230833,211147,159846,134347,122072,104875,73711,40166,23686
 3600200,1999,1,3335978,234439,243147,237199,233709,231918,258501,248072,269098,250236,233685,217937,167231,138416,121078,107174,77675,41148,25315
 3600200,2000,1,3374941,233997,244016,239787,237175,231069,258169,250005,268281,255238,235279,224436,174347,143535,120098,108632,80315,43487,27075
 3600200,2001,1,3421778,235537,244219,242802,241685,233205,252218,257308,266606,261112,237568,230220,182253,147409,121037,110133,82770,46928,28768
 3600200,2002,1,3454612,232118,242452,245235,242610,237673,247343,263893,261888,266682,241336,228585,194664,150939,123674,110344,84479,50133,30564
 3600200,2003,1,3470171,231230,239611,247012,243189,242784,243692,266958,255621,268414,244270,226867,203894,152946,125362,108276,86180,52634,31231
 3600200,2004,1,3487141,230079,237654,247251,243490,246930,241980,266972,251941,268673,247488,227390,208905,158027,127994,106778,87887,55351,32351
 3600200,2005,1,3511064,230704,236486,246341,245116,251216,242391,265337,252344,266305,250502,228456,213748,163827,131283,106026,88915,57430,34637
 3600200,2006,1,3540803,234577,236257,244457,247138,254540,247402,259675,257092,262139,253793,230813,216683,170551,133471,106753,89415,59200,36847
 3600200,2007,1,3588770,236436,235316,243499,253788,260129,255630,255473,263438,257482,257815,234612,214971,182649,137134,109354,89878,61279,39887
 3600200,2008,1,3617804,244980,234103,239771,252634,262876,262111,252039,266952,251107,260303,237011,214783,192346,141531,111587,89184,62743,41743
 3600200,2009,1,3679261,251190,235519,239637,253287,270754,272512,254439,269528,250172,262453,241552,217507,198408,148663,115377,89486,64566,44211
 3600200,2010,1,3727966,255658,237791,239392,251606,272659,277983,257724,269823,252610,261537,246502,220709,204181,156032,120231,89973,66379,47176
 3600200,2011,1,3768105,255548,241833,239943,250204,271328,279644,263047,265673,259566,257718,251971,224880,208468,164160,124505,91600,68082,49935
 3600200,2012,1,3814183,259760,246467,239455,250805,272416,281266,270038,261636,266819,253671,255920,229830,206725,175208,128436,94368,68817,52546
 3600200,1983,2,2804451,206178,212449,236371,218395,237725,227098,223223,205349,160022,138383,137145,140952,129411,109550,90715,62298,39612,29575
 3600200,1984,2,2833300,208254,208091,236554,217927,237471,230293,224719,211718,166748,142605,134510,140371,134124,109160,94020,65117,41165,30453
 3600200,1985,2,2867099,211016,205908,235104,220178,236184,234727,225832,219273,173819,146976,132453,139746,136945,110204,96351,67884,42040,32459
 3600200,1986,2,2903832,212434,206854,228591,227477,232384,239708,228242,225777,181019,150658,132795,138313,138148,114782,97919,70947,43288,34496
 3600200,1987,2,2949012,214292,209786,221346,236038,229787,245169,232999,225445,196045,154544,135519,136572,138259,118886,99665,73911,45337,35412
 3600200,1988,2,3000692,216661,212842,217818,242424,231334,250983,238248,228661,207176,159022,138939,135236,138373,123462,99927,76330,47152,36104
 3600200,1989,2,3037887,218266,215307,214720,243328,230765,253139,242796,231390,214666,166088,142640,133345,137892,128308,99735,79366,48885,37251
 3600200,1990,2,3069282,219334,217545,212581,241134,232963,251903,247557,234004,221373,173688,146221,131969,137525,130236,101363,81279,50757,37850
 3600200,1991,2,3107153,221481,218563,213109,234386,240355,248557,254029,235908,227395,181759,150377,131566,137095,130995,105562,83152,53245,39619
 3600200,1992,2,3141139,223224,219741,214558,227311,247037,245162,259009,239605,228007,194021,153550,133644,134885,130928,109023,84748,55337,41349
 3600200,1993,2,3169101,224715,220001,216714,221687,249108,240751,260663,244161,229217,205307,156388,136854,132401,131630,112628,85187,58002,43687
 3600200,1994,2,3199595,225251,220704,218840,218325,249395,239314,262110,247551,232420,212237,163145,139895,130512,130908,117528,84641,61135,45684
 3600200,1995,2,3235904,225516,222429,221356,216742,248548,241993,260645,252855,235804,218750,171026,142738,130003,130422,119479,86542,62914,48142
 3600200,1996,2,3278982,224891,225067,223202,218683,242874,249760,258049,259654,239810,225943,178073,146774,129826,130334,120797,89993,64300,50952
 3600200,1997,2,3313116,224305,226084,224074,220841,236997,256348,254031,263507,244405,225765,191244,150525,131571,129142,120973,94198,65451,53655
 3600200,1998,2,3349733,223791,229268,224845,219655,228889,259772,251075,267815,248482,230341,203509,155271,134980,127814,121926,98886,67052,56362
 3600200,1999,2,3387718,223325,230728,226724,221998,225007,261311,250736,269589,252760,234084,211472,161939,138847,126087,122406,103279,67686,59740
 3600200,2000,2,3426487,222575,231670,228828,225947,223855,260745,252582,268563,257321,237060,219235,168898,142536,125368,122147,105890,70131,63136
 3600200,2001,2,3472756,223358,231814,231894,230257,225841,254492,261199,265961,263114,239827,226924,176178,146129,125833,122436,107125,74389,65985
 3600200,2002,2,3501010,220191,230147,233455,230938,228807,247962,267923,261253,268255,242569,227162,189203,149038,128080,121580,107710,77643,69094
 3600200,2003,2,3528067,219489,228498,234110,233010,235020,244449,272170,257281,270599,247223,227285,199470,151559,130234,119086,108163,80206,70215
 3600200,2004,2,3547523,217698,227059,234142,233469,238792,241920,271671,254828,271241,251320,229052,205789,157158,133112,117138,108348,83154,71632
 3600200,2005,2,3575557,217968,225994,234056,233776,243264,242266,270234,255706,269291,255357,231592,211953,163902,135931,116286,107936,85487,74558
 3600200,2006,2,3609403,222312,225637,232682,235060,247333,246590,263843,261825,265168,259808,234702,216848,170810,138419,116417,107615,86530,77804
 3600200,2007,2,3655933,223742,224987,232306,238834,251320,253714,259788,269028,261115,264433,238898,216842,183331,141978,118934,107152,87449,82082
 3600200,2008,2,3674025,231623,222634,228295,237768,250721,258970,255166,273207,255155,265656,241390,217079,192113,144890,120733,105737,88159,84729
 3600200,2009,2,3729279,237750,223205,227511,238667,256921,268158,256187,275548,255070,267488,246442,220548,198047,151469,123905,105117,89086,88160
 3600200,2010,2,3778091,242416,224399,227134,237649,260293,273763,258897,275340,258140,266474,251416,224724,204040,158741,126964,105306,89958,92437
 3600200,2011,2,3818408,241989,227851,227092,235445,261649,275836,264144,270102,266356,262564,257341,229463,209069,166215,129978,106651,90910,95753
 3600200,2012,2,3868174,245473,231987,226765,236041,262384,279616,271019,265833,274300,259189,261656,234761,209429,177909,133878,108392,90615,98927
 3600300,1993,1,1551486,118015,118291,120632,121696,131379,118720,125094,118178,115857,106701,80672,65553,60052,55209,43012,27940,15699,8786
 3600300,1994,1,1586714,120563,119210,123177,120989,134468,120775,127549,121433,117854,111535,85313,68563,60033,56041,45144,28235,16555,9277
 3600300,1995,1,1622424,122571,121264,125489,121145,135430,124527,128378,125353,120096,115528,90617,71977,60420,56787,46087,29526,17311,9918
 3600300,1996,1,1655239,123587,123216,127237,122817,132971,129518,127787,129424,122183,120109,95210,75378,61269,57422,47217,31379,17968,10547
 3600300,1997,1,1678969,124177,125276,127180,123547,128931,132784,126498,132076,123852,120094,103117,78983,63331,57887,48219,33196,18725,11096
 3600300,1998,1,1701284,124034,127889,126909,125246,125111,134464,125420,133956,125395,121136,110044,82294,66003,57941,49315,34822,19375,11930
 3600300,1999,1,1724044,124095,130146,127866,127414,122047,134344,125284,134616,127795,121968,114737,86912,69191,58037,50608,36575,19811,12598
 3600300,2000,1,1749554,124179,132101,129881,129255,120984,132694,126771,134025,130711,123093,118390,92035,73187,58430,51532,37877,20963,13446
 3600300,2001,1,1777785,125206,133309,132232,131573,122089,127916,130434,132570,133621,124339,122105,97073,76705,59937,52536,39305,22671,14164
 3600300,2002,1,1820884,126541,134371,135102,133060,126916,126939,135423,133151,138178,126845,122949,105260,80501,62600,53409,40532,24268,14839
 3600300,2003,1,1865011,128055,135031,138977,133890,132030,126778,139819,134014,141635,130345,124477,113163,83964,65708,54006,41851,25678,15590
 3600300,2004,1,1909221,129606,135554,142271,135595,137535,127608,142691,136090,144475,134533,126354,118357,88734,68902,54500,43184,27015,16217
 3600300,2005,1,1954193,132438,136688,144620,138393,142008,130162,143922,139876,145969,138223,128577,122255,93961,72337,54986,44055,28153,17570
 3600300,2006,1,1999858,135122,138543,145936,141547,145835,134874,143274,145953,146161,142102,131313,125765,98972,74979,56271,44975,29326,18910
 3600300,2007,1,2052323,140996,140605,146663,145607,149640,141493,143004,152296,146566,146686,133563,125495,106911,78718,58047,45572,30214,20247
 3600300,2008,1,2107284,147877,142340,147859,149872,153690,149869,143178,157662,147592,150699,135989,126757,113499,81813,60340,45853,31204,21191
 3600300,2009,1,2162727,154113,144796,148726,153489,159135,158863,144770,160698,149542,153462,139599,127933,117670,86418,63205,46093,32006,22209
 3600300,2010,1,2199403,156741,147372,148992,154329,161679,163408,146225,160312,152715,153658,142827,129391,120818,91286,66720,46598,32972,23360
 3600300,2011,1,2233959,156391,150901,150295,154934,162837,165381,150039,157473,158701,152761,146561,131660,123606,96189,69939,47873,33823,24595
 3600300,2012,1,2278777,159675,154901,152021,156352,165513,168608,155425,155744,163991,152551,150314,134013,123072,103000,73404,49816,34438,25939
 3600300,1993,2,1544699,112154,111637,113001,116500,128171,117197,126057,118720,113396,101257,75523,62514,59362,57676,49430,37637,25162,19305
 3600300,1994,2,1579852,114630,112683,115523,115893,130571,119004,128468,121905,116023,106410,79880,65308,59095,58182,51431,37672,26875,20299
 3600300,1995,2,1614956,116134,114629,118163,115948,131393,122382,129552,125722,118573,110724,85248,67884,59627,58396,52754,38626,27760,21441
 3600300,1996,2,1647953,117106,117073,119917,117137,129040,127467,128873,130023,121154,115468,89997,70976,59525,59002,53390,40667,28553,22585
 3600300,1997,2,1676448,117332,119462,120232,117707,126037,131825,127904,133461,123853,116459,97718,74272,61419,59034,53725,42658,29442,23908
 3600300,1998,2,1703200,117645,121722,119949,119779,122703,134337,127112,136134,126488,118745,104591,77636,63387,58653,54518,44422,30072,25307
 3600300,1999,2,1729892,117669,123431,120956,121835,120600,134119,127708,137860,129392,121155,109814,82000,66358,58257,55245,46037,30533,26923
 3600300,2000,2,1759904,117784,124962,122798,124108,119707,133535,129740,138459,132887,122919,114768,87119,69583,58633,55561,47323,31658,28360
 3600300,2001,2,1793684,118588,125989,125259,126249,120859,130102,134283,137774,136829,125386,119918,92258,72998,59259,56250,48215,33773,29695
 3600300,2002,2,1832239,119693,126880,128811,127988,123217,127265,138555,137535,141472,128528,121111,100889,76669,61741,56559,48836,35552,30938
 3600300,2003,2,1878110,121081,128161,132053,129177,128227,126966,142964,137812,145615,132795,123770,108803,80694,64246,56541,49849,37203,32153
 3600300,2004,2,1920749,123080,129161,134782,130761,132575,127215,145138,139477,148489,136964,126274,114621,85443,67636,56515,50784,38538,33296
 3600300,2005,2,1964301,125499,130002,137206,132693,137522,128840,145850,142663,150211,141013,128763,119396,90918,70664,57015,51154,39809,35083
 3600300,2006,2,2008134,127902,131936,138440,135106,142096,132562,144376,148320,150216,145364,131641,123506,96114,73482,57727,51728,40479,37139
 3600300,2007,2,2058695,133030,133557,139184,139551,145506,138190,143705,154820,149875,150205,134736,123806,103939,76866,59658,52008,41005,39054
 3600300,2008,2,2112221,139587,134991,140692,143557,149120,145429,144239,160026,150264,154227,138087,125785,110167,80418,61358,51987,41878,40409
 3600300,2009,2,2166044,144945,137386,141981,146479,154229,153276,146061,162591,152358,156859,141901,127835,114585,84797,64103,51961,42809,41888
 3600300,2010,2,2205341,147455,139717,142175,147793,156840,158302,148077,162365,155414,157471,145380,129759,118326,89969,66704,52597,43408,43589
 3600300,2011,2,2242819,147939,142847,143465,147927,158933,161562,150975,159972,161462,156552,149603,132437,121806,95034,69458,53413,44150,45284
 3600300,2012,2,2289428,151848,146207,144566,148644,162369,165893,155527,158023,167273,156057,153928,135608,121977,102263,73085,54947,44451,46762
 3600400,1978,1,644711,49798,58351,58644,61368,55988,53258,48878,38383,34341,35644,37818,33184,27117,21747,14662,8693,4206,2631
 3600400,1979,1,646249,48425,57073,57981,61066,56569,53539,50462,39144,34636,34533,37637,34331,26634,22937,15241,9091,4283,2667
 3600400,1980,1,650221,47898,55710,57815,60475,57537,53965,51965,40627,35140,33332,37419,34950,26988,23810,15900,9406,4518,2766
 3600400,1981,1,653940,47540,53663,58470,59321,58330,54193,53593,42118,35573,32852,36615,35200,28034,24376,16589,9909,4806,2758
 3600400,1982,1,660066,47704,51859,59227,58543,58735,54662,53004,45978,36696,33094,35545,35583,29212,24467,17460,10347,5145,2805
 3600400,1983,1,667942,48670,50559,59096,58101,59465,55543,53495,48816,38006,33428,34499,35989,30551,24397,18241,10844,5354,2888
 3600400,1984,1,675233,49632,49596,58213,57874,59999,56450,53863,50873,39393,34184,33759,36017,31991,24030,19222,11400,5697,3040
 3600400,1985,1,681229,50269,48884,56872,57939,59719,57570,53790,52861,41084,35080,32773,36046,32828,24386,19950,11989,5953,3236
 3600400,1986,1,687764,50640,48586,54683,58960,59275,59031,54195,54410,42930,35858,32594,35368,33184,25454,20375,12555,6201,3465
 3600400,1987,1,692398,50722,48955,52806,59384,57956,59450,55033,53330,46765,36755,32937,34248,33509,26701,20593,13138,6580,3536
 3600400,1988,1,697670,50672,49750,51395,59072,57164,59792,55882,53681,49234,37895,33224,33327,33917,27845,20555,13730,6926,3609
 3600400,1989,1,704437,50685,50799,50724,58398,56778,60045,56878,54115,51265,39188,33892,32682,33882,29212,20339,14435,7354,3766
 3600400,1990,1,710687,50803,51747,50184,57262,57264,59350,57970,54377,53157,40943,34696,31820,33925,29734,20862,15005,7695,3893
 3600400,1991,1,717622,51172,52389,50202,55557,58456,58021,59049,55054,54531,42813,35552,31613,33434,30193,21923,15446,8078,4139
 3600400,1992,1,722342,51269,52485,50400,53689,59240,57030,59674,55816,53860,46045,36259,32014,32564,30577,22894,15663,8412,4451
 3600400,1993,1,723849,51158,52190,50865,52088,58540,55926,59471,56226,53802,48431,37134,32297,31738,30790,23844,15757,8909,4683
 3600400,1994,1,725999,50807,51772,51491,51254,57360,55260,59228,56662,53822,50283,38301,32762,31204,30801,24942,15625,9449,4976
 3600400,1995,1,727064,50458,51574,51931,50371,55761,54872,57999,57340,53740,51673,39974,33319,30476,30862,25465,16119,9935,5195
 3600400,1996,1,729149,50119,51297,52318,50077,53965,55009,56270,58144,54108,52943,41483,34047,30166,30496,25823,17071,10177,5636
 3600400,1997,1,732534,49717,51387,52212,49885,52275,55646,55350,58402,54578,52161,44903,34900,30595,29811,26365,17918,10448,5981
 3600400,1998,1,736326,49041,51458,52094,50252,50783,55292,54771,58639,55110,52520,47252,36158,30974,29278,26813,18852,10608,6431
 3600400,1999,1,740138,48439,51303,51970,51079,49702,54378,54187,58601,55828,52803,49257,37468,31681,28807,27167,19872,10723,6873
 3600400,2000,1,743753,47602,51169,51827,51943,48938,52999,54169,57982,56690,52846,51026,39187,32679,28182,27361,20476,11301,7376
 3600400,2001,1,747262,46755,50983,51776,52721,48965,50760,54788,56870,57621,53268,52229,40931,33364,28298,27112,20948,12183,7690
 3600400,2002,1,751311,46331,50396,51804,52942,49679,49520,55135,55943,58277,53667,51603,44103,34081,28816,26557,21584,12850,8023
 3600400,2003,1,756552,46142,49898,52276,53401,50832,48751,54792,55213,58666,54652,51695,46307,34969,29221,26014,22042,13498,8183
 3600400,2004,1,760968,45823,49563,52090,53507,52341,48498,53841,54784,58561,55589,51780,47948,36007,29832,25747,22362,14230,8465
 3600400,2005,1,766684,45471,49108,52185,53675,53934,48740,52806,54973,58017,56304,52198,49420,37421,30440,25428,22655,14763,9146
 3600400,2006,1,774053,45982,48671,52181,53901,55318,49356,51541,55916,57398,57254,52952,50349,39175,30884,25536,22540,15290,9809
 3600400,2007,1,782745,46653,48559,51947,54755,56201,50473,50724,56548,56910,57783,53648,49823,42283,31742,26008,22285,15875,10528
 3600400,2008,1,784833,47701,47907,51119,54602,56390,51854,49735,56117,55931,57863,53767,49756,44176,32705,26204,21818,16249,10939
 3600400,2009,1,795656,48716,47930,51093,54608,58032,54359,49991,55641,55948,58142,54686,50031,45774,33907,26979,21714,16597,11508
 3600400,2010,1,805365,49734,47945,50734,54544,59009,56439,50555,54917,56406,57936,55396,50513,47217,35518,27854,21518,16952,12178
 3600400,2011,1,811845,49646,48679,50145,54265,59129,57387,51412,53247,57449,57081,56456,51119,48253,37334,28636,21744,16979,12884
 3600400,2012,1,820328,50728,49274,50008,53862,59204,58290,52643,52200,58299,56494,57036,51898,47639,40303,29485,22397,16963,13605
 3600400,1978,2,651494,47165,55674,55242,60019,54746,52723,48459,37300,33735,33786,36322,33907,29054,25441,18757,13478,9030,6656
 3600400,1979,2,654860,46065,54031,54811,59557,55550,53014,50150,38457,34223,33140,36116,35026,28854,26447,19590,13829,9086,6914
 3600400,1980,2,658176,45237,52657,54931,58579,56430,52982,51127,40017,34939,32589,35363,35624,29291,27207,20374,14143,9406,7280
 3600400,1981,2,664829,45461,50649,55723,57677,57215,53343,53022,41905,35500,31877,35243,35546,30863,27501,21459,14576,9754,7515
 3600400,1982,2,671042,45791,48900,56281,56326,57932,53994,52419,45752,36309,32360,34171,35661,32015,27668,22466,15174,9949,7874
 3600400,1983,2,677833,46231,47773,56151,55541,58589,54405,53221,48368,37253,32920,33367,35531,33089,27862,23237,16067,10161,8067
 3600400,1984,2,684815,47345,46861,55051,55367,58492,55375,53705,50230,38558,33832,32658,35397,34276,27577,24343,16781,10617,8350
 3600400,1985,2,689968,48058,46246,53489,55334,57657,56517,53748,51927,40075,34828,31939,34880,34870,27965,25088,17587,10874,8886
 3600400,1986,2,694786,48193,46155,51391,55974,56738,57333,54138,53607,41964,35210,31545,34227,34977,29129,25371,18334,11218,9282
 3600400,1987,2,700366,48481,46617,49455,56471,55376,57878,54708,53119,45631,35870,32225,33294,34999,30378,25506,19017,11754,9587
 3600400,1988,2,707239,48417,47229,48286,56351,54824,58444,55435,53815,48302,36861,32680,32629,34831,31528,25645,19791,12422,9749
 3600400,1989,2,714592,48065,48523,47627,55514,54691,58596,56425,54516,50430,38106,33563,32047,34697,32650,25399,20787,12939,10017
 3600400,1990,2,721369,47986,49475,47218,54316,54982,58165,57802,54872,52216,40006,34339,31609,34273,33159,25783,21405,13508,10255
 3600400,1991,2,728677,48043,49880,47530,52637,56042,56932,59034,55199,53936,42167,35105,31330,33898,33419,27034,21821,14056,10614
 3600400,1992,2,734170,48131,49976,47932,50935,56694,55664,59580,56029,53745,45393,35756,31894,32962,33483,28139,22021,14627,11209
 3600400,1993,2,736825,48210,49635,48345,49399,56182,54388,59632,56325,53923,48085,36407,32515,32088,33255,29162,22072,15340,11862
 3600400,1994,2,740139,48118,49067,49211,48501,54994,53693,59111,56814,54382,49970,37640,33218,31659,33015,30327,21801,16212,12406
 3600400,1995,2,742365,47824,48776,49699,47728,53417,53185,57944,57732,54625,51268,39565,33804,31316,32583,30845,22304,16673,13077
 3600400,1996,2,745104,47539,48315,49927,47910,51370,53347,56376,58317,54851,52968,41390,34394,30966,32210,31030,23430,16996,13768
 3600400,1997,2,748823,47220,48267,49820,47575,49865,53875,54943,58825,55367,52758,44767,35169,31404,31501,31057,24608,17230,14572
 3600400,1998,2,753226,46628,48499,49639,47855,48536,53876,54116,59084,55634,53449,47535,36091,31932,30899,30927,25786,17417,15323
 3600400,1999,2,757681,46320,48658,49281,48892,47281,52790,53571,58791,56405,53974,49678,37332,32754,30459,30979,26840,17445,16231
 3600400,2000,2,761285,45470,48675,49127,49724,46456,51486,53291,57901,57577,54103,51550,39070,33626,30036,30669,27472,18064,16988
 3600400,2001,2,764466,44962,48495,48716,50536,46344,49170,53575,56832,58196,54391,53246,41110,34124,29788,30325,27745,19239,17672
 3600400,2002,2,767385,44412,47919,48895,50462,47029,47466,53979,55450,58882,54719,52781,44420,34713,30288,29724,27842,20125,18279
 3600400,2003,2,774726,44241,47588,49311,51203,48425,46812,53944,54764,59302,55627,53037,47266,35588,30950,29091,27853,21034,18690
 3600400,2004,2,779466,43701,47372,49493,50972,49907,46348,53175,54219,59120,56492,53450,49121,36829,31799,28592,27952,21878,19046
 3600400,2005,2,785830,43720,46956,49523,51046,51505,46586,52021,54415,58519,57652,53665,50589,38631,32641,28336,27652,22510,19863
 3600400,2006,2,793835,43896,46886,49671,50884,53121,47428,50809,55259,57864,58496,54354,51949,40716,33213,28201,27393,22880,20815
 3600400,2007,2,803049,44737,46732,49420,51583,53891,48695,50087,56322,57128,59011,55085,51711,44018,33957,28752,26848,23160,21912
 3600400,2008,2,803832,45703,46059,48728,51619,53934,49761,49009,56095,56052,59044,54958,51474,45947,34438,29047,26251,23091,22622
 3600400,2009,2,813246,46859,45705,48690,52044,54872,52332,49057,55622,56003,58955,55778,51957,47489,35591,29815,25900,23179,23398
 3600400,2010,2,821957,47543,45902,48460,51816,55964,54286,49696,54762,56312,58552,56750,52276,48706,37313,30536,25691,23050,24342
 3600400,2011,2,827769,47780,46297,48112,51543,55923,55352,50500,53121,57154,57673,57689,52757,49852,39309,30974,25596,22950,25187
 3600400,2012,2,835707,48351,47122,47800,51218,55960,56069,51716,52010,58169,56931,58372,53742,49601,42386,31816,25972,22554,25918
 3600500,1978,1,206670,17729,20452,19629,20525,17571,16752,15717,12477,10982,10872,11021,7726,8626,6999,4816,2726,1257,793
 3600500,1979,1,208185,17519,20081,19642,20451,18148,16932,15946,13034,11119,10672,10946,8023,8424,7259,5045,2868,1298,778
 3600500,1980,1,208909,17268,19511,19628,20216,18540,17029,16366,13265,11351,10432,10952,8166,8421,7390,5122,3015,1444,793
 3600500,1981,1,210401,17295,18901,20174,19627,18698,17419,16964,13529,11761,10192,10941,8179,8537,7530,5217,3133,1518,786
 3600500,1982,1,211510,17467,18200,20344,19043,18928,17382,16777,14606,12047,10241,10772,8326,8619,7690,5356,3281,1601,830
 3600500,1983,1,212973,17590,17779,20365,18678,18872,17578,16810,15419,12254,10530,10540,8319,9044,7640,5570,3461,1661,863
 3600500,1984,1,215269,17831,17472,20053,18772,19051,17992,16913,15851,12756,10800,10380,8341,9425,7427,5925,3612,1757,911
 3600500,1985,1,217635,18063,17417,19592,18976,18968,18457,17043,16480,13132,11201,10161,8427,9623,7458,6065,3726,1856,990
 3600500,1986,1,219533,18167,17519,19074,19471,18116,18652,17379,17006,13599,11634,10030,8407,9834,7604,6204,3901,1940,996
 3600500,1987,1,220905,18118,17788,18441,19746,17336,18780,17382,16806,14780,11915,10194,8365,9977,7766,6372,3995,2076,1068
 3600500,1988,1,221804,17869,18081,18037,19746,16809,18444,17618,16933,15563,12164,10465,8225,9935,8163,6311,4190,2180,1071
 3600500,1989,1,223697,17967,18229,17857,19510,16739,18297,17978,17125,16033,12648,10736,8037,9978,8518,6192,4420,2310,1123
 3600500,1990,1,227302,18077,18682,17960,19266,17078,18130,18490,17417,16687,13108,11178,7938,10114,8710,6284,4539,2417,1227
 3600500,1991,1,229451,18252,18762,18154,18621,17599,17496,18771,17603,17324,13578,11597,7816,10026,8933,6503,4690,2449,1277
 3600500,1992,1,230513,18029,18707,18282,18131,18038,16806,18921,17737,17248,14568,11930,7856,9883,9049,6645,4777,2582,1324
 3600500,1993,1,231194,17956,18395,18477,17735,18014,16354,18698,17952,17255,15478,12164,7986,9767,9112,6959,4783,2688,1421
 3600500,1994,1,231534,17895,18285,18482,17470,17669,16093,18441,18210,17320,15897,12520,8118,9715,9105,7281,4689,2845,1499
 3600500,1995,1,231753,17720,18161,18573,17288,17112,16056,17951,18440,17349,16361,12915,8458,9593,9120,7376,4804,2906,1570
 3600500,1996,1,231910,17590,18043,18527,17197,16485,16266,17185,18504,17610,16816,13206,8789,9443,9121,7500,4997,2990,1641
 3600500,1997,1,231379,17251,17820,18281,17227,15831,16343,16335,18610,17621,16554,14246,9039,9618,9062,7620,5129,3094,1698
 3600500,1998,1,230454,16763,17668,17869,17312,15215,16119,15828,18264,17612,16607,15035,9356,9833,8973,7755,5346,3125,1774
 3600500,1999,1,229828,16396,17648,17788,17181,14733,15507,15445,17969,17794,16742,15380,9536,10197,8975,7897,5626,3111,1903
 3600500,2000,1,229672,15952,17502,17664,17238,14416,14912,15337,17537,17894,16736,15880,9984,10590,8943,8044,5775,3206,2062
 3600500,2001,1,229740,15941,17214,17645,17239,14163,14101,15488,16703,17962,16871,16397,10361,11023,8977,8043,6088,3326,2198
 3600500,2002,1,229519,15691,17037,17416,17230,14497,13610,15639,16028,18086,16932,16172,10636,11351,9142,8054,6228,3492,2278
 3600500,2003,1,232228,15669,16838,17581,17182,14996,13477,15570,15743,18131,17303,16453,11751,11671,9476,8019,6318,3757,2293
 3600500,2004,1,234848,15490,16762,17785,17200,15177,13475,15428,15757,18122,17739,16699,12343,12257,9844,8048,6456,3962,2304
 3600500,2005,1,236471,15398,16543,17805,17289,15463,13527,15051,15990,17832,17998,16822,12745,12659,10140,8058,6520,4171,2460
 3600500,2006,1,238252,15572,16429,17638,17447,15643,13453,14702,16377,17359,18092,17132,13201,13182,10386,8104,6552,4340,2643
 3600500,2007,1,239749,15956,16180,17581,17483,15724,13588,14146,16534,16692,18375,17270,12970,14314,10731,8257,6617,4474,2857
 3600500,2008,1,245374,16543,16045,17392,17758,15650,13887,13951,16411,16446,18333,17451,16520,15112,11185,8479,6575,4588,3048
 3600500,2009,1,248281,17070,15850,17252,17924,16034,14197,13846,16145,16460,18408,17728,16768,15440,11723,8778,6739,4694,3225
 3600500,2010,1,250409,17283,15855,17005,17996,16434,14380,13800,15791,16643,18044,18002,16908,15978,12198,9105,6792,4793,3402
 3600500,2011,1,254420,16539,15962,16943,17631,16640,15267,14030,15549,17030,17876,18574,17407,16758,13138,9696,6856,4946,3578
 3600500,2012,1,255419,16465,16107,16780,17628,16411,15248,14210,14925,17352,17022,18759,17498,16650,14137,10363,7080,5001,3783
 3600500,1978,2,208783,16879,19980,18907,19921,17224,16215,14911,11812,10536,10278,10709,10330,9098,7677,5757,4096,2622,1831
 3600500,1979,2,210442,16778,19546,18925,19891,17689,16346,15351,12295,10620,10238,10476,10562,9030,7966,5899,4320,2618,1892
 3600500,1980,2,212590,16415,18958,18977,19765,18325,16743,16003,12787,10901,10079,10378,10604,9205,8192,6152,4369,2744,1993
 3600500,1981,2,214659,16704,18187,19323,19420,18635,17043,16452,13213,11231,9891,10327,10495,9407,8360,6496,4457,2880,2138
 3600500,1982,2,216166,16875,17434,19697,18689,18902,17282,16232,14176,11582,9966,10262,10348,9592,8516,6785,4583,2975,2270
 3600500,1983,2,217715,16906,16908,19742,18352,18971,17395,16444,14944,11769,10235,10078,10277,9860,8542,7057,4771,3092,2372
 3600500,1984,2,220351,17159,16842,19314,18390,19027,17841,16662,15537,12240,10471,10048,10192,10138,8485,7334,4995,3233,2443
 3600500,1985,2,223037,17586,16660,19084,18461,18790,18369,16895,16163,12678,10841,9865,10192,10247,8575,7558,5292,3245,2536
 3600500,1986,2,224814,17547,16812,18366,18952,18088,18546,17225,16726,13131,11209,9848,10131,10346,8780,7666,5539,3303,2599
 3600500,1987,2,226347,17446,17101,17566,19228,17411,18765,17574,16569,14186,11474,10034,10086,10216,9070,7780,5762,3410,2669
 3600500,1988,2,227394,17306,17292,17066,19182,16930,18684,17773,16698,15012,11697,10282,9923,10146,9397,7807,6006,3530,2663
 3600500,1989,2,229550,17221,17543,17003,18788,16809,18640,18178,16970,15682,12140,10480,9944,10038,9762,7759,6165,3720,2708
 3600500,1990,2,232932,17177,18068,16983,18537,17005,18447,18813,17345,16271,12676,10905,9850,10107,9840,7840,6346,3988,2734
 3600500,1991,2,235336,17365,18066,17327,17807,17312,17815,19313,17699,16777,13222,11250,9846,10025,9866,8118,6516,4113,2899
 3600500,1992,2,237188,17379,17989,17519,17250,17675,17294,19479,18021,16851,14109,11507,10025,9943,9787,8349,6650,4287,3074
 3600500,1993,2,238269,17206,17884,17601,16884,17629,16943,19427,18263,16974,14983,11676,10235,9847,9715,8599,6707,4497,3199
 3600500,1994,2,239077,16997,17674,17723,16772,17282,16593,19177,18527,17199,15562,12070,10418,9825,9601,8941,6622,4716,3378
 3600500,1995,2,239625,16858,17370,17939,16518,16916,16483,18601,18813,17389,15982,12505,10745,9784,9535,8958,6716,4884,3629
 3600500,1996,2,240141,16647,17243,17864,16574,16244,16611,17901,19122,17585,16457,12942,11050,9724,9484,8965,6915,5046,3767
 3600500,1997,2,239798,16256,17117,17592,16563,15528,16662,17297,19106,17784,16366,13837,11298,9811,9487,8822,7152,5135,3985
 3600500,1998,2,239056,15691,16934,17347,16551,14849,16496,16680,19008,17877,16543,14612,11475,9990,9432,8815,7417,5195,4144
 3600500,1999,2,238879,15570,16689,17108,16594,14433,15998,16243,18752,17996,16768,15179,11927,10225,9315,8800,7685,5217,4380
 3600500,2000,2,239029,15236,16633,16792,16702,14071,15541,16169,18242,18175,16897,15772,12350,10633,9263,8777,7758,5345,4673
 3600500,2001,2,239325,15150,16360,16771,16636,13999,14721,16257,17524,18437,17073,16338,12818,10988,9248,8740,7819,5547,4899
 3600500,2002,2,239814,14851,16092,16658,16677,14190,14019,16322,16983,18599,17278,16221,13886,11213,9438,8799,7735,5736,5117
 3600500,2003,2,242125,14835,15825,16693,16742,14445,13666,16444,16676,18818,17586,16572,14849,11562,9688,8736,7777,5970,5241
 3600500,2004,2,244807,14529,15961,16730,16679,14861,13671,16260,16599,18905,17963,16951,15604,12056,10007,8686,7814,6182,5349
 3600500,2005,2,246573,14461,15754,16846,16456,15252,13660,16025,16607,18520,18342,17120,16210,12599,10346,8669,7783,6322,5601
 3600500,2006,2,248395,14591,15604,16631,16497,15477,13835,15443,17054,17922,18745,17385,16627,13171,10672,8686,7794,6432,5829
 3600500,2007,2,250050,15018,15374,16539,16594,15282,14106,14854,17254,17471,18935,17737,16547,14254,10918,8930,7821,6376,6040
 3600500,2008,2,252155,15553,15243,16343,16676,15217,14256,14535,17377,17180,19122,17865,16847,15116,11235,9187,7783,6341,6279
 3600500,2009,2,255011,16145,15030,16331,16852,15371,14477,14575,17219,17143,19180,18119,17142,15681,11770,9420,7844,6312,6400
 3600500,2010,2,257234,16368,14959,16178,17006,15388,14821,14470,17047,17285,18857,18580,17305,16192,12354,9780,7850,6285,6509
 3600500,2011,2,256775,15303,14791,15920,16291,15729,15149,14471,16323,17639,18180,19003,17510,16630,12886,9897,7914,6397,6742
 3600500,2012,2,256914,15254,14964,15726,16176,15448,14957,14710,15411,17877,17650,19100,17836,16318,13871,10286,8075,6422,6833
 3600600,1983,1,2003140,150806,159591,184225,175191,177856,165232,160283,149551,118942,103744,102885,101612,83282,64830,50570,31020,15828,7692
 3600600,1984,1,2023349,151778,155801,182186,177036,178534,168328,161138,154592,122998,106238,101504,102167,87772,63724,52429,32420,16699,8005
 3600600,1985,1,2045027,153146,153678,178649,179489,178856,171592,161374,160078,127337,109513,99731,102917,90175,64920,53763,33735,17415,8659
 3600600,1986,1,2065739,153666,153156,172881,184598,176200,174667,163604,163293,132545,112386,100019,102174,91845,67846,54209,35365,17919,9366
 3600600,1987,1,2089786,155375,153879,167036,188098,175636,178001,166816,161288,142598,115300,101346,100619,92855,70979,54716,36512,18934,9798
 3600600,1988,1,2116566,156993,155487,163452,188988,176459,181229,170321,162578,150455,118081,102950,98795,94544,74441,54019,37783,19794,10197
 3600600,1989,1,2144305,159125,157223,160718,187591,179034,183102,175073,164414,155814,122258,104949,97484,95129,78455,53466,39189,20530,10751
 3600600,1990,1,2172635,161829,159303,159134,184652,182738,183601,179731,166585,160855,126582,107819,95848,95871,80251,54973,40095,21555,11213
 3600600,1991,1,2192113,163373,160152,159072,178330,186762,180734,182770,168999,163462,131892,110602,95625,95271,82019,57512,41074,22475,11989
 3600600,1992,1,2205266,164557,160999,158550,171483,188733,178143,184963,170958,162514,139477,113221,96483,93779,83406,60297,41504,23438,12761
 3600600,1993,1,2209272,164436,160175,158267,166490,187082,175229,184786,172266,161628,146827,114456,98093,92139,84773,63269,41329,24556,13471
 3600600,1994,1,2212863,164083,159738,158139,162559,183128,173667,183269,173704,162108,150955,117637,99609,91285,85042,66876,41029,25877,14158
 3600600,1995,1,2223681,163216,160503,158756,160200,179312,174479,181174,176161,163097,154769,121553,101972,90277,85605,68322,42567,26606,15112
 3600600,1996,1,2240199,161245,161920,159372,160327,174449,177915,178085,178659,165680,158119,126143,104503,89863,85882,69835,44962,27298,15942
 3600600,1997,1,2254670,160750,162900,159376,158112,168979,181156,175909,180537,167654,156647,135091,107533,91083,85583,71333,47512,27692,16823
 3600600,1998,1,2271763,159933,163940,159838,157266,165072,181537,175138,182110,169455,157635,142545,110326,92936,84797,73123,50235,27891,17986
 3600600,1999,1,2292656,158529,165236,160974,157853,162272,180269,176159,183253,172325,159404,147420,114010,95402,84362,74479,53385,28082,19242
 3600600,2000,1,2317083,157364,166080,162722,160719,161051,177613,178589,183322,175515,160698,152024,118175,98585,83469,75909,55287,29641,20320
 3600600,2001,1,2345980,156761,166040,164932,163972,162903,172841,183254,182119,178691,163501,155574,123017,101289,83703,76668,57406,31919,21390
 3600600,2002,1,2374296,156103,165783,167150,166198,166252,170501,187038,180704,182457,165924,154732,131057,103871,85331,76216,58795,34130,22054
 3600600,2003,1,2403965,156036,165059,168815,168310,170787,170161,188588,180216,184994,168939,155623,138508,105921,87071,75502,60591,36361,22483
 3600600,2004,1,2431958,156563,163930,170220,170103,174763,170491,188248,181759,185625,172982,157135,143203,109088,89024,75234,61885,38743,22962
 3600600,2005,1,2464587,157938,162927,171007,172707,178567,172459,186869,184914,186076,176317,159284,147573,113177,91721,74842,63205,40417,24587
 3600600,2006,1,2502687,160128,163092,170508,175474,183889,176456,184473,189963,185594,178926,163070,150495,118278,94056,75518,64062,42230,26475
 3600600,2007,1,2551093,165108,162976,170441,179300,191956,182855,182697,194811,184494,182554,165787,149694,126872,97687,77429,64209,43747,28476
 3600600,2008,1,2603921,170557,163330,170607,182432,200425,191569,183791,197457,184595,185681,168395,151070,134085,100628,79484,64233,45424,30158
 3600600,2009,1,2663347,175169,164781,170394,184551,210582,203434,186822,198541,187438,186988,172500,153338,138794,104514,82126,64614,46723,32038
 3600600,2010,1,2705597,179221,166736,169452,183305,212983,210748,190457,197802,191272,187460,175828,156094,142946,108901,85365,64692,48271,34064
 3600600,2011,1,2740959,180813,170480,169404,181658,211018,214583,195753,195251,196896,186645,179035,160162,145827,114224,88377,65642,49252,35939
 3600600,2012,1,2786545,185025,174775,169361,181930,210244,218634,203198,194223,202097,186094,182707,163536,145369,122231,91587,67782,49655,38097
 3600600,1983,2,2032562,144197,151560,177595,167719,174154,164821,160616,146379,113452,100225,98552,101002,90895,76388,64985,46910,30666,22446
 3600600,1984,2,2053143,145276,147969,175044,169837,174267,167320,162424,151424,117971,102505,97056,100860,94889,74959,67628,48481,31913,23320
 3600600,1985,2,2075041,146828,145797,171694,171894,173991,170205,163634,157493,122626,105239,95765,100428,96717,75971,69075,50407,32407,24870
 3600600,1986,2,2095117,147150,145717,164512,177213,172184,172953,164969,162794,127936,107030,96174,98657,97701,78579,69948,51997,33123,26480
 3600600,1987,2,2120325,148067,146899,158444,180628,172234,176491,168110,161736,138131,109812,97916,97112,97823,81877,70190,53414,34282,27159
 3600600,1988,2,2146003,150010,147957,154621,181362,172858,179497,170923,163166,146504,112435,99719,95836,97972,85531,69487,54801,35449,27875
 3600600,1989,2,2175859,152149,149707,151911,180026,175800,182213,175039,165494,152240,117098,101674,95055,97771,89450,68292,56860,36381,28699
 3600600,1990,2,2205957,154433,152152,150414,177261,179266,183472,179309,168077,158137,122072,103999,94231,97385,91122,69478,58296,37584,29269
 3600600,1991,2,2228260,155964,152780,150266,170409,183923,181599,183064,169803,162848,127805,106396,93782,96689,91950,72494,59193,38876,30419
 3600600,1992,2,2244951,156794,153251,150667,163078,185962,179742,185388,172722,162738,136067,108760,95386,94863,92519,75306,59749,40175,31784
 3600600,1993,2,2253494,156575,153264,150719,157735,184208,177235,185558,174264,162855,144339,110304,97355,93279,92833,78530,59357,41704,33380
 3600600,1994,2,2260126,155899,152711,150967,153611,180316,175618,185158,175306,164413,149198,114174,98911,92701,92055,82345,58265,43889,34589
 3600600,1995,2,2273979,154739,153134,152030,151454,176587,176341,183360,177658,166395,153926,118754,100950,92251,91723,83732,59617,45195,36133
 3600600,1996,2,2294785,152868,154386,152682,152098,171106,180334,181576,180713,168468,159202,123593,103164,92206,91397,84874,62295,46047,37776
 3600600,1997,2,2314627,152243,155245,152667,150975,166003,184238,179878,183171,171234,159137,133028,106019,93475,90312,85399,65545,46409,39649
 3600600,1998,2,2335207,151199,156106,153803,150688,161778,185293,179513,185166,173217,161017,141779,108127,95215,89601,85740,69016,46487,41462
 3600600,1999,2,2359806,149839,157322,155046,152192,158688,184561,181277,186730,175657,163686,147422,112222,97456,89012,86118,72474,46396,43708
 3600600,2000,2,2386982,149143,158063,156407,155579,157047,182372,183921,186778,179124,165480,153628,116364,100207,88357,86146,74148,48262,45956
 3600600,2001,2,2417635,149082,157753,158260,158903,159019,176331,189693,186549,182840,167229,159335,121601,101829,88605,86104,75371,51219,47912
 3600600,2002,2,2443478,148695,157112,159993,160327,162659,172108,193680,185452,186149,169836,158696,130938,104146,90113,84735,76168,53611,49060
 3600600,2003,2,2469844,148734,155895,161060,162709,166378,170227,194985,185131,188575,172641,159666,139323,105958,92017,83838,76597,56308,49802
 3600600,2004,2,2495191,149629,154652,161679,164455,169299,169090,194148,186490,189946,176329,161350,144597,109755,94011,83188,76827,59032,50714
 3600600,2005,2,2524659,150172,154346,161986,165792,173727,169892,192283,189015,190020,179909,163209,150330,114262,96237,82744,76998,60524,53213
 3600600,2006,2,2558579,152453,154284,161603,166875,178577,173535,187626,194426,189724,183265,165979,155049,119816,98045,83268,76767,61497,55790
 3600600,2007,2,2602429,157008,154514,161731,169680,182006,179617,184694,200129,189160,186989,169475,154531,129281,100906,85083,76477,62729,58419
 3600600,2008,2,2652454,162047,155773,160810,172544,187899,187657,184864,203353,189483,190285,172491,156154,137520,103578,87045,76426,63781,60744
 3600600,2009,2,2708587,166489,157236,160840,174457,195789,197589,187067,204672,192512,192338,176808,158764,142415,108127,89253,76654,64399,63178
 3600600,2010,2,2755504,170356,158571,160659,174085,200015,205102,190454,204030,196525,192959,180852,161753,147428,113011,91646,76598,65493,65967
 3600600,2011,2,2796858,171138,162249,160652,172925,201429,210211,196065,200026,203455,192627,184788,165471,151770,118656,93377,77493,66075,68451
 3600600,2012,2,2845976,175255,165771,161122,173228,202186,215576,203499,197579,209569,192450,188444,169859,151696,127429,96889,78825,65696,70903
 3600700,1983,1,691813,56177,57632,64761,59699,61726,60892,59565,54173,42082,35135,32882,30433,24666,19138,15440,10149,5065,2198
 3600700,1984,1,702599,57021,57082,64144,60516,62140,61403,59510,56636,43967,36751,32800,31058,26474,18793,16103,10375,5493,2333
 3600700,1985,1,715858,58270,57079,63485,61659,62530,62583,59905,59068,45874,38352,32912,31790,27334,19346,16601,10799,5659,2612
 3600700,1986,1,736243,59953,57932,62053,64195,63489,64761,61383,62016,48599,39811,33498,32514,28349,20552,16987,11280,5940,2931
 3600700,1987,1,754830,61309,59670,61238,66335,63349,66590,63282,62047,53297,41653,34465,32557,29103,21884,17136,11552,6324,3039
 3600700,1988,1,774332,62731,61202,61632,67481,63551,68291,65096,63149,57451,43271,35812,32609,29844,23549,16786,11980,6538,3359
 3600700,1989,1,795624,64015,63373,62476,68079,64639,69750,67138,64470,60717,45751,37572,32721,30397,25157,16545,12510,6700,3614
 3600700,1990,1,812578,65164,65236,63023,68000,65978,69428,68840,65648,63319,48179,39023,32806,31066,25806,17223,12950,7052,3837
 3600700,1991,1,822930,65480,66306,63591,66374,67733,67479,69557,66176,65654,50458,40633,32981,31396,26408,18136,13173,7368,4027
 3600700,1992,1,836130,65412,66687,64617,66299,68252,68057,69857,67403,66252,53535,42449,34287,31501,26993,19120,13420,7670,4319
 3600700,1993,1,849365,65347,67082,65664,66241,68774,68634,70152,68637,66842,56609,44263,35589,31602,27575,20105,13662,7979,4608
 3600700,1994,1,862615,65305,67464,66698,66158,69297,69217,70464,69866,67451,59689,46069,36874,31720,28159,21088,13915,8278,4903
 3600700,1995,1,875850,65240,67859,67745,66100,69819,69794,70759,71100,68041,62763,47883,38176,31821,28741,22073,14157,8587,5192
 3600700,1996,1,889050,65172,68240,68771,66025,70338,70372,71059,72327,68639,65840,49699,39482,31926,29326,23057,14404,8889,5484
 3600700,1997,1,902010,65155,68488,69402,67120,69653,70151,71444,72732,69742,66543,53032,41515,33392,29552,23749,15357,9183,5800
 3600700,1998,1,915103,65149,68756,70040,68215,68967,69921,71850,73138,70848,67241,56360,43559,34851,29787,24456,16341,9490,6134
 3600700,1999,1,928036,65129,69012,70681,69296,68276,69689,72238,73542,71948,67931,59692,45573,36312,30025,25138,17310,9792,6452
 3600700,2000,1,941129,65123,69280,71319,70391,67590,69459,72644,73948,73054,68629,63020,47617,37771,30260,25845,18294,10099,6786
 3600700,2001,1,954089,65106,69528,71950,71486,66905,69238,73029,74353,74157,69332,66353,49650,39237,30486,26537,19247,10393,7102
 3600700,2002,1,966393,64636,69429,72038,72492,68290,67470,74285,73591,75513,70428,66516,53844,40903,31470,26947,20022,11193,7326
 3600700,2003,1,979648,64311,69211,72442,73118,69995,67048,74778,73106,76833,71729,67038,57619,42157,32976,27093,20611,12127,7456
 3600700,2004,1,995080,64463,69439,72812,73686,71922,67300,74688,73664,77672,73309,67855,60330,44124,34637,27238,21303,13022,7616
 3600700,2005,1,1012773,65352,69439,73184,74663,74139,68144,74342,75353,77935,74862,68820,62826,46254,36009,27597,21967,13615,8272
 3600700,2006,1,1034567,66846,69891,73958,75341,76823,70039,73727,78298,78419,76166,70331,65252,48508,37189,28058,22602,14315,8804
 3600700,2007,1,1061703,69733,70272,74253,76580,79803,74070,73913,81685,79117,78136,71702,65182,52473,38821,28827,22818,14919,9399
 3600700,2008,1,1094894,73316,70859,74693,78014,83526,80069,75829,84389,80349,80565,73235,65822,55961,39966,29953,22901,15383,10064
 3600700,2009,1,1129438,76389,71930,75516,79044,88176,86594,78658,85591,82133,82274,75203,66900,58326,41843,31359,22985,15863,10654
 3600700,2010,1,1154064,78470,72976,75590,78959,90043,91149,80860,85585,84227,83120,77151,68188,60456,43814,32633,23252,16359,11232
 3600700,2011,1,1185050,79937,75097,75992,79167,91793,96883,84845,85432,87785,83732,79137,69987,62826,45949,33935,23712,16917,11924
 3600700,2012,1,1227524,83004,78492,76862,80457,94037,103728,91528,86052,92065,84831,81282,71927,63107,49718,35654,24724,17185,12871
 3600700,1983,2,677505,53616,54241,61227,57064,59908,58725,57309,49893,39050,32835,30481,28766,25897,22203,19000,13420,8310,5560
 3600700,1984,2,688940,54174,53993,60692,57725,60126,59318,57947,52386,40753,34337,30568,29262,27270,21787,19825,14123,8839,5815
 3600700,1985,2,703154,55431,53877,60125,58924,60260,60477,59069,55097,42565,35685,30708,29970,27887,22204,20583,14792,9227,6273
 3600700,1986,2,723004,56805,54517,59068,61225,60925,62521,60931,58696,44367,37082,31556,30382,28511,23110,21191,15493,9656,6968
 3600700,1987,2,741642,58075,55953,57972,63196,61115,64524,62528,59477,48711,38700,32504,30607,28951,24459,21268,16252,10069,7281
 3600700,1988,2,761117,59218,57804,57950,64184,61316,66117,64315,61567,52562,39943,33743,30875,29464,25908,21108,16698,10602,7743
 3600700,1989,2,783137,60689,59620,58823,64674,62461,67724,66339,63488,56128,41999,35343,31228,29908,27285,20716,17492,11020,8200
 3600700,1990,2,800869,61347,61565,59214,64707,63602,67793,68022,65387,59246,44191,36662,31466,30515,27576,21299,18065,11570,8642
 3600700,1991,2,813137,61654,62540,59813,63197,65088,66539,68982,66628,62249,46189,37933,31844,30876,27957,22071,18535,12092,8950
 3600700,1992,2,826346,61655,63000,60845,63046,65363,66851,69277,67641,63491,49417,39534,32990,31053,28387,22896,18680,12645,9575
 3600700,1993,2,839513,61660,63448,61882,62898,65636,67158,69582,68664,64733,52635,41131,34120,31215,28816,23722,18820,13189,10204
 3600700,1994,2,852780,61667,63910,62912,62747,65907,67471,69879,69687,65985,55866,42745,35270,31390,29242,24549,18977,13742,10834
 3600700,1995,2,865947,61672,64358,63949,62599,66180,67778,70184,70710,67227,59084,44342,36400,31552,29671,25375,19117,14286,11463
 3600700,1996,2,879156,61673,64818,64981,62448,66455,68090,70479,71723,68469,62312,45943,37546,31729,30101,26200,19262,14839,12088
 3600700,1997,2,893793,61760,65022,65642,63602,65944,68058,70847,72293,69716,63860,49542,39284,32982,30354,26669,20188,15145,12885
 3600700,1998,2,908354,61830,65230,66285,64748,65453,68024,71220,72862,70951,65413,53125,41017,34238,30596,27146,21103,15441,13672
 3600700,1999,2,922987,61934,65444,66945,65899,64938,67999,71593,73427,72189,66950,56727,42741,35484,30851,27632,22025,15741,14468
 3600700,2000,2,937548,62004,65652,67588,67045,64447,67965,71966,73996,73424,68503,60310,44474,36740,31093,28109,22940,16037,15255
 3600700,2001,2,952185,62091,65856,68249,68199,63936,67933,72334,74566,74671,70051,63909,46212,37993,31346,28578,23866,16343,16052
 3600700,2002,2,962119,61627,65379,68285,68840,64754,65959,73409,73905,75895,70964,64527,50334,39431,32322,28686,24229,17265,16308
 3600700,2003,2,973093,61465,64851,68627,69419,66064,65039,73721,73060,77032,71979,65699,53934,40563,33447,28709,24756,18225,16503
 3600700,2004,2,984462,61052,64922,68721,69717,67332,64973,73211,73223,77510,73385,66676,56943,42263,34684,28949,25077,19034,16790
 3600700,2005,2,998434,61364,64857,68779,70138,69239,65455,72678,74079,77536,74565,68153,59773,44184,35831,29182,25493,19365,17763
 3600700,2006,2,1016014,62924,65537,68809,70360,71422,66784,71898,76101,77533,75796,69656,62493,45999,36899,29673,25818,19723,18589
 3600700,2007,2,1044436,66225,66426,69299,72257,74122,69952,72250,79250,77981,77702,71197,63018,49957,38432,30557,26138,20218,19455
 3600700,2008,2,1076806,69669,67738,70124,73966,77632,74569,73635,81667,78706,79842,72819,64701,53287,39543,31601,26381,20842,20084
 3600700,2009,2,1110812,72860,68902,71425,74929,81366,79805,76181,83164,80438,81446,74871,66194,56090,41409,32926,26673,21290,20843
 3600700,2010,2,1136781,75045,70076,72014,75043,83264,83755,77956,83665,82225,82197,76767,68007,58814,43307,33994,27117,21833,21702
 3600700,2011,2,1168359,76478,72559,72998,75240,85545,88461,81396,83311,85735,82412,78733,70326,61634,45311,35144,27955,22407,22714
 3600700,2012,2,1205182,79239,75594,74077,76173,87617,94132,86370,83629,89135,82925,80834,72294,62425,49032,36778,28490,22672,23766
 3600800,1993,1,90069,8804,8184,7413,7123,8494,9041,8929,7874,7224,5865,4178,2647,1828,1207,646,357,152,103
 3600800,1994,1,91789,8970,8252,7541,7195,8588,9011,9041,8021,7264,6153,4470,2843,1830,1281,690,363,166,110
 3600800,1995,1,94333,9195,8384,7660,7268,8883,9295,9071,8321,7294,6470,4718,3096,1874,1366,721,397,189,131
 3600800,1996,1,97071,9336,8582,7914,7271,9048,9694,9127,8574,7388,6767,4984,3326,2007,1442,797,436,222,156
 3600800,1997,1,99683,9255,8912,7960,7436,9108,10087,9288,8747,7630,6867,5432,3666,2086,1494,875,464,219,157
 3600800,1998,1,101417,9292,9045,8037,7631,8872,10309,9241,9013,7605,7012,5773,3955,2273,1516,947,503,223,170
 3600800,1999,1,103046,9218,9159,8186,7746,8714,10327,9263,9153,7774,7204,6087,4226,2474,1514,1021,537,242,201
 3600800,2000,1,104479,9164,9255,8320,7891,8662,10072,9457,9217,7955,7269,6381,4367,2762,1551,1114,564,253,225
 3600800,2001,1,105554,9190,9287,8546,7823,8577,9663,9577,9128,8205,7306,6672,4543,3075,1653,1199,603,262,245
 3600800,2002,1,105990,9237,9018,8618,7633,8575,9455,9592,9042,8473,7313,6724,4843,3332,1737,1230,667,281,220
 3600800,2003,1,105340,9109,8960,8567,7478,8405,9037,9425,8844,8563,7304,6799,5175,3438,1859,1181,707,302,187
 3600800,2004,1,105502,9065,8839,8644,7571,8329,8732,9338,8630,8579,7394,6906,5444,3619,2003,1150,745,314,200
 3600800,2005,1,106910,9038,8759,8675,7826,8462,8753,9286,8776,8563,7605,6885,5791,3764,2275,1145,794,319,194
 3600800,2006,1,108502,8977,8781,8598,8029,8682,8767,9124,8962,8548,7864,6950,6075,4011,2475,1257,845,370,187
 3600800,2007,1,111063,9173,8750,8589,8304,9183,9132,9189,9193,8488,8010,7095,6121,4316,2711,1342,853,406,208
 3600800,2008,1,114771,9335,8901,8732,8509,9822,9929,9332,9463,8426,8317,7293,6326,4591,2812,1496,840,432,215
 3600800,2009,1,118321,9557,8947,8789,8671,10348,10741,9506,9734,8614,8415,7484,6516,4867,2998,1609,853,461,211
 3600800,2010,1,120516,9678,8986,8622,8735,10791,11305,9558,9695,8773,8438,7566,6629,5201,3120,1791,892,521,215
 3600800,2011,1,121483,9609,8993,8648,8615,10501,11513,9841,9450,9106,8348,7776,6711,5450,3225,1964,947,566,220
 3600800,2012,1,124014,9682,9106,8696,8645,10593,11932,10412,9403,9339,8307,7977,6847,5521,3560,2117,1022,589,266
 3600800,1993,2,81639,8403,7689,6959,6495,8357,8481,8319,7242,6186,4790,3009,1948,1384,969,655,411,202,140
 3600800,1994,2,83119,8554,7626,7219,6451,8268,8611,8352,7304,6349,5091,3287,2047,1459,1000,697,421,210,173
 3600800,1995,2,85269,8718,7793,7320,6576,8231,8978,8369,7510,6526,5360,3556,2220,1488,1050,693,458,219,204
 3600800,1996,2,87445,8807,7960,7474,6579,8253,9239,8474,7731,6698,5590,3855,2340,1569,1115,762,491,278,230
 3600800,1997,2,90072,8788,8238,7592,6761,8257,9612,8586,7977,6990,5870,4183,2583,1638,1145,786,518,312,236
 3600800,1998,2,91488,8712,8331,7708,6948,7999,9671,8569,8147,7176,6066,4543,2783,1760,1159,819,542,322,233
 3600800,1999,2,92966,8585,8491,7647,7133,7882,9682,8738,8303,7235,6331,4863,3065,1812,1200,839,575,341,244
 3600800,2000,2,94670,8642,8554,7732,7264,7848,9523,8980,8414,7372,6535,5185,3319,1937,1266,871,574,378,276
 3600800,2001,2,96189,8771,8550,7883,7301,7752,9190,9238,8379,7585,6682,5626,3490,2154,1318,937,600,420,313
 3600800,2002,2,96261,8635,8390,7861,7340,7702,8745,9331,8258,7724,6725,5756,3739,2347,1376,976,630,415,311
 3600800,2003,2,96385,8620,8188,7966,7266,7690,8490,9240,8098,7767,6889,5846,4041,2493,1430,960,662,432,307
 3600800,2004,2,97161,8578,8079,8115,7136,7848,8386,9195,8131,7801,6973,5995,4284,2711,1502,989,699,440,299
 3600800,2005,2,98995,8606,8085,8117,7259,8092,8633,9018,8373,7789,7146,6230,4666,2877,1620,1003,701,442,338
 3600800,2006,2,100555,8584,8161,8059,7328,8188,8763,8859,8516,7746,7334,6415,4934,3120,1857,1101,775,468,347
 3600800,2007,2,102685,8689,8367,7935,7569,8435,9107,8768,8761,7743,7447,6604,5087,3353,2017,1157,783,490,373
 3600800,2008,2,105103,8823,8462,7843,7779,8589,9621,8866,8965,7833,7605,6756,5335,3560,2135,1258,776,500,397
 3600800,2009,2,107706,9017,8550,7842,7864,8811,10140,9031,9111,8003,7693,6951,5563,3803,2297,1295,810,524,401
 3600800,2010,2,109262,9093,8594,7822,7763,8851,10471,9150,9042,8281,7733,7014,5828,4009,2423,1377,855,545,411
 3600800,2011,2,109809,8883,8582,7919,7481,8878,10416,9310,8813,8582,7657,7200,5902,4267,2527,1525,883,574,410
 3600800,2012,2,111867,9099,8564,8082,7538,8717,10756,9665,8785,8757,7668,7323,6147,4378,2767,1658,921,601,441
55400000,1983,1,1603050,128460,136930,157460,153390,149250,126880,120660,110370,91370,76800,76840,73810,64350,52020,40710,25140,12700,5910
55400000,1984,1,1618360,129540,133420,155360,154100,151450,130820,121300,116340,93580,78820,75100,73920,66380,51280,41380,26240,13170,6160
55400000,1985,1,1627440,129940,130860,151900,155940,149510,133320,122140,119140,95930,81760,74360,74630,67660,51150,42340,26960,13450,6450
55400000,1986,1,1623910,128590,129320,147460,154010,142960,134920,123480,120490,97830,84670,73170,75360,67690,52580,42070,27810,14150,7350
55400000,1987,1,1638750,131100,128490,141930,156000,142350,138270,126210,121280,102400,88570,73400,74320,68740,53050,41810,28350,14730,7750
55400000,1988,1,1646870,133130,127770,136340,156240,140710,141420,129190,121050,106090,91210,73620,72520,70090,54140,41170,28790,15410,7980
55400000,1989,1,1653260,135690,127470,132700,153570,139630,140030,132180,118940,109950,93310,75400,72890,70000,57010,40860,29140,16290,8200
55400000,1990,1,1671810,139390,127540,130520,150000,142190,139660,136510,121580,115840,93980,77210,72020,70540,58500,41890,29130,16300,9010
55400000,1991,1,1664130,141798,128430,130671,145542,136431,133251,133764,121971,118347,93909,79839,69504,70551,60138,43347,30912,16836,8889
55400000,1992,1,1685480,146000,131340,128920,140550,139830,129180,136660,124620,119240,100100,84290,69340,69860,61290,45270,31540,17740,9710
55400000,1993,1,1749370,151450,137010,133110,136630,144760,134280,143990,131050,122080,108490,89180,72780,71260,64420,48100,32120,18610,10050
55400000,1994,1,1773820,152610,140630,134530,135260,143860,134400,145580,135030,123660,114490,91720,74490,70190,65330,50140,31900,19480,10520
55400000,1995,1,1801310,152970,145400,136060,135820,141880,135600,146180,139580,126260,119800,93960,77460,69150,65710,51490,32870,20180,10940
55400000,1996,1,1831060,152180,151140,137710,137600,139230,137790,146350,144350,129850,123970,96540,81440,68110,65980,52580,34090,20720,11430
55400000,1997,1,1854290,150480,155220,140020,138530,136630,138500,144760,148250,133400,124950,102100,85150,68190,65600,53760,35560,21090,12100
55400000,1998,1,1868860,149160,156810,142620,139280,133470,136480,141840,150770,136410,125510,108910,87060,69370,64810,54970,37380,21210,12800
55400000,1999,1,1878110,147690,156780,145360,139720,131130,132500,139050,151180,139160,126250,114460,89540,71100,64180,55950,39180,21310,13570
55400000,2000,1,1888000,146520,155470,148510,140600,130490,128930,137220,149400,141800,127380,118880,91500,74080,63520,56680,40500,22200,14320
55400000,2001,1,1906070,144070,152780,153930,141720,128450,125180,139800,148970,145150,129130,121790,94370,79280,63940,57430,41830,23440,14810
55400000,2002,1,1935510,143260,151020,157580,146870,133870,123000,140600,147540,149100,132380,122370,99680,82800,64580,57610,43140,24780,15330
55400000,2003,1,1971310,143110,150760,159840,151230,141630,123130,141260,146710,153150,136350,123040,106440,84540,66060,57420,44600,26280,15760
55400000,2004,1,1998280,144270,149710,160410,153960,145970,124030,140150,146120,155130,140400,124350,111750,87030,67860,57400,45640,27720,16380
55400000,2005,1,2017850,144080,148920,158950,156520,148150,125710,137630,145950,155070,144050,126170,116120,88990,70890,57460,46690,29010,17490
55400000,2006,1,2049530,146420,149230,159500,159470,146030,127100,136420,149190,156030,149130,129950,119820,92300,75650,57470,47590,30060,18170
55400000,2007,1,2071970,149800,148270,156970,162950,147560,130410,132610,149870,153950,152320,132960,120210,97420,79270,58450,48120,31420,19410
55400000,2008,1,2092755,153340,147470,154400,165390,151690,134735,129270,148350,151090,155200,135535,120445,103910,80980,59965,48470,31810,20705
55400000,2009,1,2117360,156205,147645,152440,165845,156515,139085,128230,145750,149640,156525,139220,121820,108695,84290,61935,48695,33205,21620
55400000,2010,1,2144510,159860,146925,151425,165615,162090,142975,129030,142795,149215,156360,142815,123765,113240,86565,65320,49180,34455,22880
55400000,2011,1,2164090,161470,147040,149870,163260,167655,146340,131195,138115,149210,154325,145780,126480,116500,88220,69555,49225,35740,24110
55400000,2012,1,2179120,160595,149175,148100,159795,171835,149245,134150,133605,148865,151165,148610,129025,116485,93190,73350,49925,36775,25230
55400000,1983,2,1622510,122130,130720,150670,146780,142930,128910,122040,109300,90970,74190,73320,73200,69400,60710,51010,37100,22410,16720
55400000,1984,2,1639870,122530,127380,150070,147140,145060,131270,123660,115410,93000,76760,72340,72850,70890,60420,52250,38150,23550,17140
55400000,1985,2,1651380,122860,125190,147050,148100,143490,133090,125960,118930,94540,80150,71090,72890,72040,61200,53240,39140,24880,17540
55400000,1986,2,1654340,122430,124140,141670,148200,139220,136190,125970,120870,97350,83870,71440,72640,70740,61860,53730,40140,25190,18690
55400000,1987,2,1669990,124630,123080,136490,150840,137590,140430,129390,121110,101460,85950,72570,71990,70740,62780,54290,41330,26250,19070
55400000,1988,2,1679100,127050,122570,130060,151870,136340,142740,132860,119770,104780,88620,72560,71890,70440,64060,54060,42720,27470,19240
55400000,1989,2,1689750,128790,121880,126930,150330,135980,142450,136800,120680,110190,90470,74250,71620,70120,63710,53680,43310,28770,19790
55400000,1990,2,1707410,131500,122700,125780,146490,137900,143970,139680,122540,114210,90650,78170,69790,70140,65090,53460,44860,29450,21030
55400000,1991,2,1711773,135891,122190,125358,140481,135381,139290,138525,124881,118935,93231,79842,68613,70179,66477,55785,45009,29766,21939
55400000,1992,2,1732980,139290,124970,123530,134720,137440,134780,142950,128450,119960,99750,84350,69170,69480,66210,57320,46170,31020,23420
55400000,1993,2,1806380,143630,129970,126240,135330,146560,140060,150610,135010,123250,108940,89430,73100,71510,68480,60440,47100,32480,24240
55400000,1994,2,1829900,144160,133680,126920,132750,145780,140430,152610,139340,125690,114750,91510,75140,70580,68580,62110,46810,33490,25570
55400000,1995,2,1856600,143790,138510,128290,131630,143800,142340,153600,144110,128900,119730,93790,78470,69470,68510,62530,47900,34580,26650
55400000,1996,2,1884650,142690,143410,130170,132040,140150,145350,153770,149640,133020,123650,96160,82410,68900,68470,62540,49320,35430,27530
55400000,1997,2,1907980,141880,147060,132290,131620,136240,146430,152890,154570,136960,124820,101600,85860,69670,68010,62430,50660,36230,28760
55400000,1998,2,1924020,141070,148490,134820,131630,132050,144480,150910,158160,140400,125760,108500,87880,70840,67550,62640,52070,36530,30240
55400000,1999,2,1934740,139840,148010,137560,131460,128740,140830,149430,159100,143710,127550,114050,89950,73030,66830,62790,53720,36520,31620
55400000,2000,2,1944940,138640,146070,141020,132410,126320,136560,148810,158050,146690,129650,118530,92060,76300,65950,62750,54400,37660,33070
55400000,2001,2,1979920,137100,143040,147110,136320,128100,133220,152220,158420,152060,132840,122920,95640,81880,67160,63310,54650,39120,34810
55400000,2002,2,2006580,136730,142140,149990,140100,131820,129740,153100,157480,156850,136430,123450,100940,85310,68240,63270,54720,40430,35840
55400000,2003,2,2038290,136420,142110,151420,144090,137160,128360,153970,157010,161620,140560,124490,107730,87020,69640,63250,55140,41750,36550
55400000,2004,2,2064140,137840,141180,151260,146740,140270,128360,152790,157180,164180,144930,126400,113090,89070,71900,63030,55460,43250,37210
55400000,2005,2,2082710,137650,140620,149380,149480,141690,128970,150070,157560,164390,148880,128740,117610,91250,75190,62680,55740,43890,38920
55400000,2006,2,2137400,139830,142610,150990,154280,145540,133940,149830,163430,166650,156070,133750,122710,95110,80000,62800,56060,43900,39900
55400000,2007,2,2158770,142550,141760,149030,156800,146280,136340,145370,164600,164940,160430,137320,123110,100540,83600,64080,56210,44360,41450
55400000,2008,2,2175710,146105,140400,146755,158410,147135,139005,141425,163160,162515,164245,140845,123420,107405,85325,65660,56690,44415,42795
55400000,2009,2,2197815,148580,140705,144925,157965,149685,142130,139890,160795,161980,166075,144900,125745,112465,87955,68130,56800,44965,44125
55400000,2010,2,2223000,152040,140030,144125,156660,153725,145035,139920,157770,162395,166605,148920,128050,117490,90535,71715,56700,45670,45615
55400000,2011,2,2240660,153250,140335,143005,154000,157455,147265,141310,152205,163525,164725,153060,131245,120890,92465,75870,56925,46320,46810
55400000,2012,2,2253565,152445,142065,141210,151510,160170,148480,142810,147100,163575,162180,156920,134435,120855,97715,79570,57975,46815,47735
